DATE,AWND,CDSD,CLDD,DP01,DP10,DSND,DSNW,DT00,DT32,DX32,DX70,DX90,EMNT,EMSD,EMSN,EMXP,EMXT,HDSD,HTDD,PRCP,PSUN,SNOW,TAVG,TMAX,TMIN,TSUN,WDF1,WDF2,WDF5,WDFG,WDFM,WSF1,WSF2,WSF5,WSFG,WSFM
1994-08,,,,8,3,,,0,0,,,,54,,,0.39,,,,1.08,,,,,60.3,,,,,,,,,,,
1995-03,11,,0,4,2,,,0,23,4,4,0,3,,,0.13,78,,797,0.28,,,39.3,53.1,25.5,,,290,280,,,,45,53,,
1995-04,10.7,,0,13,6,,,0,19,2,5,0,17,,,0.82,73,,664,2.45,,,42.9,54.4,31.4,,,260,250,,,,42.9,51,,
1995-05,10.5,,0,18,11,,,0,1,0,2,0,30,,,1.53,83,,465,4.68,,,50,59.7,40.3,,,360,360,,,,40.9,49,,
1995-06,9.6,,52,15,7,,,0,0,0,21,1,41,,,0.9,90,,136,3.08,,,62.2,74.6,49.8,,,170,110,,,,38.9,48,,
1995-07,8.7,,209,9,6,,,0,0,0,29,13,46,,,1.01,99,27,27,2.31,,,70.9,85.4,56.4,,,270,270,,,,40.9,55,,
1995-08,8.7,,322,7,1,,,0,0,0,31,22,42,,,0.89,99,29,2,1.05,,,75.3,91,59.6,,,220,220,,,,33.1,39,,
1995-09,8.5,,96,10,5,,,0,3,0,20,5,27,,,0.82,97,223,193,2.28,,,61.7,74.8,48.6,,,280,30,,,,31.1,34,,
1995-10,9.6,,0,3,1,,,0,14,0,9,0,21,,,0.59,82,735,512,0.72,,,48.5,63.2,33.8,,,340,340,,,,44.1,51,,
1995-11,9.8,,0,5,1,,,0,23,2,3,0,10,,,0.11,74,1428,694,0.31,,,41.9,56.4,27.3,,,260,260,,,,38.9,44,,
1995-12,8.3,,0,1,0,,,0,27,4,0,0,1,,,0.05,69,2418,990,0.05,,,33.1,46.2,19.9,,,310,290,,,,36,41,,
1996-01,9.6,0,0,8,1,,,6,30,10,0,0,-12,,,0.12,69,3593,1175,0.29,,,27.1,41.6,12.6,,,280,290,,,,40.9,48,,
1996-02,10.1,0,0,4,0,,,4,22,6,0,0,-16,,,0.04,69,4493,900,0.09,,,34,49.5,18.4,,,240,220,,,,40,45,,
1996-03,9.6,0,0,7,2,,,1,29,4,1,0,-2,,,0.37,72,5394,900,0.78,,,35.9,50.4,21.5,,,360,10,,,,33.1,39,,
1996-04,11.4,3,3,8,1,,,0,15,0,11,0,20,,,0.11,84,5906,513,0.33,,,48,62.9,33.1,,,300,300,,,,38.9,49,,
1996-05,9.8,28,25,9,5,,,0,0,0,21,2,35,,,0.87,93,6145,239,2.4,,,58.1,72.7,43.4,,,320,320,,,,33.1,38,,
1996-06,9.4,154,126,7,3,,,0,0,0,29,4,39,,,1.14,93,6177,31,1.78,,,68.2,84,52.3,,,320,320,,,,42.9,46,,
1996-07,9.6,414,260,6,3,,,0,0,0,31,15,52,,,0.47,99,0,0,1.01,,,73.4,88,58.8,,,360,30,,,,36.9,44,,
1996-08,9.6,623,209,6,2,,,0,0,0,31,12,49,,,0.21,98,4,4,0.56,,,71.6,87.1,56.1,,,320,320,,,,31.1,37,,
1996-09,9.8,691,68,10,6,,,0,3,0,21,5,25,,,1.22,94,200,196,2.34,,,60.7,74.6,46.9,,,10,310,,,,33.1,39,,
1996-10,9.6,702,11,3,1,,,0,13,1,15,0,20,,,0.32,85,650,450,0.39,,,50.8,64.9,36.8,,,290,290,,,,36.9,43,,
1996-11,8.5,702,0,6,1,,,0,27,3,1,0,4,,,0.1,73,1484,834,0.38,,,37.2,51,23.4,,,300,300,,,,34,40,,
1996-12,11,702,0,1,0,,,3,28,3,0,0,-9,,,0.06,66,2478,993,0.06,,,33,47,18.9,,,290,290,,,,45,51,,
1997-01,8.7,0,0,7,1,,,5,27,9,1,0,-14,,,0.11,72,3629,1151,0.26,,,27.9,39.9,15.8,,,290,290,,,,32,36,,
1997-02,9.4,0,0,9,1,,,0,27,6,0,0,8,,,0.29,66,4612,983,0.55,,,29.9,40.9,18.9,,,290,290,,,,36,39,,
1997-03,11.2,0,0,4,1,,,0,23,2,7,0,7,,,0.17,79,5321,709,0.26,,,42.1,58.5,25.7,,,320,320,,,,51.9,56,,
1997-04,11.2,0,0,11,3,,,0,21,3,4,0,6,,,0.55,76,6056,735,1.31,,,40.5,53.3,27.7,,,360,340,,,,33.1,43,,
1997-05,9.8,10,10,10,4,,,0,3,0,17,0,27,,,0.61,87,6326,271,1.57,,,56.6,70.8,42.4,,,30,30,,,,42.9,47,,
1997-06,10.7,132,121,14,7,,,0,0,0,28,8,45,,,1.02,96,6363,37,2.57,,,67.8,82.1,53.5,,,220,220,,,,36,44,,
1997-07,10.1,384,252,10,9,,,0,0,0,31,15,44,,,2.71,98,2,2,5.6,,,73.1,88.4,57.7,,,180,180,,,,47,54,,
1997-08,9.8,539,156,13,9,,,0,0,0,28,1,52,,,0.9,92,15,12,3.52,,,69.6,81.9,57.4,,,320,320,,,,38,45,,
1997-09,8.7,611,71,7,3,,,0,0,0,23,0,35,,,0.44,88,109,94,0.97,,,64.2,78,50.4,,,300,10,,,,36,39,,
1997-10,11.9,617,7,4,4,,,0,9,1,11,0,3,,,0.81,87,592,483,1.87,,,49.6,63.6,35.7,,,230,190,,,,40,53,,
1997-11,9.4,617,0,6,2,,,1,26,6,0,0,-3,,,0.32,67,1497,905,0.61,,,34.8,45.8,23.8,,,20,10,,,,33.1,39,,
1997-12,10.1,617,0,6,3,,,0,31,11,0,0,12,,,0.19,51,2647,1150,0.5,,,27.9,36.8,19.1,,,300,300,,,,47,53,,
1998-01,8.9,0,0,3,0,,,0,29,3,0,0,7,,,0.02,59,3650,1003,0.05,,,32.6,44.3,21,,,280,280,,,,31.1,36,,
1998-02,8.3,0,0,2,1,,,0,28,1,0,0,14,,,0.15,64,4520,870,0.23,,,33.9,44.8,23,,,210,200,,,,36.9,43,,
1998-03,10.1,0,0,5,3,,,0,24,5,3,0,1,,,0.37,75,5392,872,0.86,,,36.9,50.8,23,,,30,210,,,,31.1,37,,
1998-04,10.1,0,0,11,5,,,0,19,0,4,0,21,,,1.06,78,5999,607,2.47,,,44.8,57.6,31.9,,,200,210,,,,38,44,,
1998-05,10.7,10,10,10,5,,,0,0,0,21,0,35,,,0.42,86,6192,192,1.74,,,59.1,75,43.2,,,10,240,,,,34,47,,
1998-06,10.7,94,83,9,3,,,0,0,0,24,5,34,,,0.16,94,6335,143,0.73,,,63,78.7,47.3,,,290,290,,,,44.1,51,,
1998-07,8.9,384,290,10,5,,,0,0,0,31,13,52,,,2.69,100,1,1,5.92,,,74.3,88.1,60.5,,,310,320,,,,46.1,61,,
1998-08,8.7,593,209,8,5,,,0,0,0,31,10,51,,,0.35,95,2,1,1.2,,,71.7,86.1,57.3,,,230,220,,,,42.9,49,,
1998-09,9.6,731,138,6,3,,,0,0,0,28,8,42,,,0.31,95,50,49,0.73,,,68,83.6,52.4,,,220,20,,,,30,39,,
1998-10,8.7,731,0,10,4,,,0,7,0,8,0,28,,,0.37,80,509,459,1.2,,,50.2,63.1,37.3,,,340,340,,,,38,45,,
1998-11,9.4,731,0,6,1,,,0,19,0,5,0,11,,,0.22,74,1197,688,0.4,,,42.1,55,29.2,,,310,310,,,,36,41,,
1998-12,9.8,731,0,6,2,,,6,30,8,2,0,-19,,,0.13,72,2317,1120,0.42,,,28.9,42.6,15.1,,,280,280,,,,40,46,,
1999-01,10.1,0,0,7,1,,,1,28,2,0,0,-3,,,0.15,63,3287,970,0.38,,,33.7,46.5,20.9,,,290,290,,,,40.9,48,,
1999-02,11.9,0,0,2,1,,,0,27,1,0,0,11,,,0.12,69,4026,738,0.15,,,38.6,54.3,22.9,,,30,20,,,,42.9,48,,
1999-03,10.7,0,0,2,1,,,0,22,1,6,0,15,,,0.11,78,4685,659,0.19,,,43.7,59.7,27.8,,,240,230,,,,36.9,43,,
1999-04,11.9,0,0,16,13,,,0,19,1,5,0,15,,,2.03,74,5359,674,5.86,,,42.5,54.6,30.5,,,290,150,,,,40,48,,
1999-05,10.7,1,1,10,7,,,0,5,0,16,0,29,,,0.84,82,5677,318,2.37,,,54.8,68,41.6,,,40,290,,,,36,43,,
1999-06,10.1,67,66,8,6,,,0,0,0,26,1,40,,,0.96,90,5767,90,2.52,,,64.2,78.3,50.1,,,300,290,,,,49,63,,
1999-07,10.1,345,277,8,6,,,0,0,0,30,12,51,,,1.56,95,1,1,3.84,,,73.9,87.5,60.3,,,130,130,,,,53.9,64,,
1999-08,8.9,541,196,11,8,,,0,0,0,30,3,50,,,0.7,92,5,4,3.37,,,71.2,83.4,58.9,,,290,270,,,,32,38,,
1999-09,8.9,568,28,8,4,,,0,2,0,19,0,29,,,0.51,86,206,200,1.2,,,59.3,72.6,45.8,,,180,190,,,,38.9,47,,
1999-10,9.6,569,1,3,1,,,0,10,0,18,0,19,,,0.24,83,595,389,0.31,,,52.5,68.3,36.7,,,40,30,,,,33.1,38,,
1999-11,9.6,569,0,2,2,,,0,16,2,11,0,13,,,0.36,78,1129,534,0.47,,,47.2,62.9,31.5,,,290,290,,,,40,48,,
1999-12,10.5,569,0,4,1,,,0,30,5,0,0,10,,,0.18,66,2098,969,0.29,,,33.7,45.3,22.2,,,10,350,,,,36,43,,
2000-01,9.2,0,0,5,0,,,0,30,5,0,0,4,,,0.09,64,3090,992,0.24,,,33,46.3,19.7,,,260,270,,,,38,45,,
2000-02,10.5,0,0,2,1,,,0,24,1,0,0,14,,,0.14,68,3840,750,0.23,,,39.1,53.5,24.7,,,260,260,,,,46.1,54,,
2000-03,10.1,0,0,13,7,,,0,25,0,2,0,14,,,0.47,73,4603,763,1.97,,,40.4,53.5,27.3,,,160,120,,,,42.9,51,,
2000-04,12.1,0,0,6,3,,,0,10,0,14,0,16,,,0.29,82,5060,456,0.71,,,49.8,66,33.6,,,300,310,,,,45,53,,
2000-05,11,41,41,5,5,,,0,2,0,22,1,23,,,1.77,92,5280,220,3.09,,,59.2,74.8,43.6,,,330,280,,,,38.9,51,,
2000-06,10.3,162,121,5,4,,,0,0,0,27,11,39,,,0.25,95,5344,63,0.79,,,66.9,83.1,50.7,,,20,140,,,,40.9,55,,
2000-07,9.4,524,362,10,5,,,0,0,0,31,26,53,,,0.53,101,0,0,1.43,,,76.7,92.4,60.9,,,80,200,,,,36,49,,
2000-08,9.6,823,299,10,5,,,0,0,0,30,17,53,,,1.45,98,5,5,3.06,,,74.5,89.3,59.6,,,220,230,,,,38.9,48,,
2000-09,9.6,933,109,9,5,,,0,4,0,25,6,29,,,0.52,95,158,153,1.52,,,63.6,78.5,48.6,,,280,270,,,,38.9,48,,
2000-10,8.5,937,4,6,1,,,0,6,0,9,0,29,,,0.33,83,612,454,0.52,,,50.5,64,37,,,10,300,,,,34.9,44,,
2000-11,8.5,937,0,4,2,,,0,30,8,0,0,1,,,0.43,64,1695,1083,0.61,,,28.9,40.6,17.2,,,270,280,,,,45,54,,
2000-12,8.9,937,0,6,0,,,4,31,4,0,0,-2,,,0.09,58,2835,1140,0.28,,,28.2,41.9,14.6,,,280,290,,,,42.9,53,,
2001-01,9.4,0,0,4,3,,,0,31,5,0,0,4,,,0.42,67,3920,1085,0.78,,,30,41.9,18.1,,,190,170,,,,33.1,40,,
2001-02,8.1,0,0,7,2,,,2,28,7,0,0,-15,,,0.3,57,4949,1029,0.64,,,28.3,39.3,17.2,,,150,300,,,,30,37,,
2001-03,9.4,0,0,9,4,,,0,26,1,0,0,16,,,0.39,67,5733,784,1.1,,,39.7,51.2,28.2,,,350,340,,,,38,47,,
2001-04,11.4,0,0,6,6,,,0,11,0,12,0,23,,,0.34,79,6196,463,1.2,,,49.5,62.9,36.2,,,330,330,,,,53,60,,
2001-05,10.5,15,15,13,8,,,0,5,0,21,0,31,,,1.2,85,6459,263,3.8,,,57,69.7,44.4,0,,360,10,,,,49,58,,
2001-06,10.7,193,178,6,3,,,0,0,0,26,12,41,,,0.68,98,6507,48,1.53,,,69.3,84.2,54.5,,,30,40,,,,48.1,54,,
2001-07,10.1,556,363,14,8,,,0,0,0,31,17,57,,,1.44,101,0,0,4.77,,,76.7,90.7,62.7,0,,240,240,,,,51,59,,
2001-08,10.1,822,266,9,2,,,0,0,0,30,14,50,,,0.28,95,4,4,0.72,,,73.5,87.2,59.7,,,280,290,,,,49,61,,
2001-09,9.6,942,120,5,3,,,0,0,0,27,3,39,,,0.7,92,70,66,1,,,66.8,81.5,52,,,20,20,,,,38.9,49,,
2001-10,10.5,947,5,3,0,,,0,9,0,15,0,21,,,0.05,84,495,425,0.08,,,51.5,66,36.9,0,,290,290,,,,46.1,54,,
2001-11,9.4,947,0,7,4,,,2,20,4,2,0,-2,,,0.22,72,1219,724,0.72,,,40.9,54,27.7,,,200,200,,,,97.1,97,,
2001-12,9.6,947,0,3,0,,,0,29,3,0,0,9,,,0.09,57,2252,1033,0.14,,,31.7,43.4,19.9,,,300,340,,,,33.1,40,,
2002-01,10.3,0,0,2,2,,,1,29,9,0,0,0,,,0.29,63,3360,1107,0.48,,,29.3,41.5,17,0,,310,310,,,,40.9,49,,
2002-02,12.3,0,0,5,1,,,1,26,4,1,0,-8,,,0.13,72,4240,880,0.32,,,33.6,47.6,19.5,0,,340,330,,,,47,58,,
2002-03,10.3,0,0,6,3,,,2,31,5,0,0,-4,,,0.2,69,5207,967,0.53,,,33.8,48.4,19.2,0,,270,270,,,,40,51,,
2002-04,12.3,6,6,4,1,,,0,14,1,13,0,18,,,0.1,84,5663,456,0.23,,,50,66,34,,,30,30,,,,46.1,53,,
2002-05,11.2,39,33,5,3,,,0,6,0,17,2,22,,,0.37,93,5971,308,0.94,,,56.1,70.6,41.7,0,,220,180,,,,49,58,,
2002-06,11.2,251,212,8,4,,,0,0,0,29,17,42,,,0.71,97,5998,27,1.45,,,71.1,87.2,55,0,,130,110,,,,40.9,62,,
2002-07,9.8,599,348,2,2,,,0,0,0,31,22,53,,,0.7,99,0,0,1.39,,,76.2,91.5,61,,,60,10,,,,38,44,,
2002-08,10.1,806,207,8,3,,,0,0,0,31,11,48,,,0.24,100,6,6,0.78,,,71.5,87.1,55.9,0,,180,180,,,,47,52,,
2002-09,9.8,887,81,6,3,,,0,0,0,24,4,38,,,0.23,94,128,123,0.57,,,63.6,77.4,49.8,0,,240,230,,,,38,51,,
2002-10,9.2,887,0,7,3,,,0,17,3,6,0,12,,,0.2,81,782,654,0.5,,,43.9,56.4,31.4,0,,320,310,,,,31.1,37,,
2002-11,9.4,887,0,6,0,,,1,22,5,1,0,0,,,0.06,72,1607,826,0.24,,,37.5,49.5,25.5,0,,300,300,,,,31.1,36,,
2002-12,9.2,887,0,1,0,,,0,30,2,0,0,6,,,0.05,63,2581,973,0.05,,,33.6,46.6,20.6,0,,270,270,,,,29.1,32,,
2003-01,10.1,0,0,1,0,,,0,28,2,0,0,10,,,0.03,68,3452,871,0.03,,,36.9,51.7,22,0,,280,280,,,,36,43,,
2003-02,9.2,0,0,13,1,,,4,27,10,0,0,-7,,,0.12,69,4501,1048,0.48,,,27.6,38.6,16.4,,,330,290,,,,34.9,41,,
2003-03,11.6,0,0,7,3,,,0,24,0,2,0,7,,,1.53,75,5280,779,3.06,,,39.9,51.8,27.9,0,,280,280,,,,38,44,,
2003-04,12.5,0,0,11,5,,,0,8,0,11,0,22,,,1.24,80,5717,438,2.22,,,50.4,63.5,37.3,0,,340,330,,,,47,59,,
2003-05,10.1,34,34,8,4,,,0,3,0,18,1,31,,,0.6,94,5984,267,1.91,,,57.5,70.1,44.9,0,,290,250,,,,36,45,,
2003-06,8.7,59,25,11,6,,,0,0,0,23,0,40,,,1.5,88,6095,112,3.94,,,62.1,74.3,49.9,,,360,10,,,,45,52,,
2003-07,9.2,428,369,5,1,,,0,0,0,31,24,52,,,0.39,101,0,0,0.54,,,76.9,93,60.8,0,,250,30,,,,33.1,39,,
2003-08,9.4,708,280,7,4,,,0,0,0,30,19,48,,,0.77,98,11,11,1.24,,,73.7,88.5,58.9,0,,260,190,,,,34.9,45,,
2003-09,9.2,735,27,3,1,,,0,3,0,22,0,29,,,0.17,87,209,198,0.26,,,59.3,74.4,44.2,0,,360,20,,,,40.9,49,,
2003-10,9.2,747,12,2,0,,,0,9,1,18,0,23,,,0.07,86,528,319,0.08,,,55.1,70.6,39.6,0,,260,310,,,,36.9,47,,
2003-11,9.2,747,0,3,0,,,1,28,2,0,0,-3,,,0.03,69,1393,865,0.06,,,36.2,48.9,23.5,0,,300,190,,,,57.9,40,,
2003-12,9.6,747,0,2,1,,,0,31,3,0,0,5,,,0.11,63,2399,1006,0.12,,,32.6,46.6,18.6,0,,340,350,,,,36.9,47,,
2004-01,9.2,0,0,3,1,,,2,31,6,0,0,-11,,,0.1,63,3428,1029,0.23,,,31.8,45.4,18.2,0,,20,10,,,,29.1,35,,
2004-02,9.6,0,0,7,0,,,2,28,6,0,0,-9,,,0.08,67,4418,990,0.22,,,30.8,41.9,19.7,0,,360,10,,,,32,41,,
2004-03,10.5,0,0,4,0,,,0,19,0,8,0,18,,,0.05,79,4996,578,0.15,,,46.3,62,30.7,,,310,330,,,,32,43,,
2004-04,10.7,0,0,13,8,,,0,11,0,7,0,23,,,0.29,81,5522,526,1.77,,,47.5,59.6,35.4,0,,280,20,,,,42.9,53,,
2004-05,10.7,21,21,5,2,,,0,4,0,21,0,28,,,0.72,88,5720,197,1.3,,,59.3,73.9,44.7,0,,130,10,,,,40,48,,
2004-06,9.8,88,67,13,8,,,0,0,0,25,3,41,,,0.5,98,5825,105,2.33,,,63.7,76.9,50.5,,,340,340,,,,36,45,,
2004-07,9.6,286,198,8,4,,,0,0,0,29,11,49,,,1.36,99,18,18,2.51,,,70.8,85,56.6,0,,280,310,,,,48.1,61,,
2004-08,9.8,418,132,7,3,,,0,0,0,29,4,42,,,1.62,96,50,32,2.84,,,68.2,82.4,54,,,10,10,,,,36,41,,
2004-09,10.3,484,65,8,5,,,0,0,0,25,2,37,,,0.91,90,185,135,1.99,,,62.7,77.6,47.7,0,,190,180,,,,36,43,,
2004-10,9.6,484,0,6,3,,,0,9,0,11,0,24,,,0.27,79,625,439,0.87,,,50.8,65.6,36,,,270,270,,,,36,43,,
2004-11,9.4,484,0,7,2,,,1,25,3,3,0,-1,,,0.18,72,1460,835,0.46,,,37.2,49,25.3,,,360,10,,,,32,39,,
2004-12,10.1,484,0,1,0,,,1,30,2,0,0,-9,,,0.04,67,2395,935,0.04,,,34.8,48.3,21.3,,,280,290,,,,47,59,,
2005-01,8.1,0,0,5,2,,,1,27,4,1,0,-3,,,0.15,70,3404,1009,0.37,,,32.4,44.9,20,0,,250,250,,,,34.9,41,,
2005-02,8.7,0,0,1,0,,,0,27,2,0,0,13,,,0.02,64,4223,819,0.02,,,35.7,49.1,22.4,,,310,300,,,,33.1,41,,
2005-03,10.5,0,0,10,3,,,0,30,2,1,0,14,,,0.17,74,5016,793,0.59,,,39.4,52.9,25.9,,,10,10,,,,48.1,55,,
2005-04,12.1,0,0,11,6,,,0,14,0,7,0,24,,,1.09,78,5575,559,2.46,,,46.4,58.9,33.8,,,190,200,,,,47,54,,
2005-05,10.3,33,33,6,4,,,0,4,0,17,1,27,,,0.22,91,5855,281,0.71,,,57,71.6,42.4,,,30,40,,,,40.9,48,,
2005-06,10.7,149,116,9,7,,,0,0,0,27,7,39,,,1.21,93,5942,86,3.99,,,66,81.1,50.8,,,210,240,,,,44.1,59,,
2005-07,10.3,544,396,4,0,,,0,0,0,30,25,50,,,0.09,105,3,3,0.27,,,77.7,94.5,60.8,,,80,70,,,,40.9,54,,
2005-08,9.4,768,223,7,4,,,0,0,0,29,13,48,,,0.46,97,23,20,1.34,,,71.6,86.4,56.7,,,220,230,,,,36.9,43,,
2005-09,9.2,888,120,4,0,,,0,0,0,29,9,39,,,0.03,94,78,55,0.07,,,67.2,83.2,51.1,,,270,270,,,,40,48,,
2005-10,9.4,902,13,6,4,,,0,8,0,13,0,29,,,0.99,89,496,418,2.16,,,51.9,65.4,38.5,,,340,330,,,,30,37,,
2005-11,11.4,902,0,5,3,,,0,21,0,6,0,7,,,0.19,75,1172,675,0.48,,,42.5,57.5,27.5,,,320,320,,,,51.9,61,,
2005-12,10.1,902,0,6,1,,,3,24,8,0,0,-13,,,0.19,69,2252,1080,0.35,,,30.1,43.1,17.2,,,280,280,,,,53.9,64,,
2006-01,11.2,0,0,3,1,,,0,26,0,0,0,9,,,0.24,69,3107,855,0.28,,,37.4,51.6,23.2,,,280,270,,,,36.9,44,,
2006-02,10.1,0,0,5,0,7,1,3,26,5,2,0,-13,2,1.9,0.05,77,4062,955,0.15,,3,30.9,46.1,15.7,,,340,340,,,,36.9,46,,
2006-03,11,0,0,4,3,5,3,0,27,4,2,0,11,3,5,0.2,72,4887,825,0.56,,8.6,38.4,52.3,24.4,,,270,270,,,,45,52,,
2006-04,11.4,0,0,6,3,0,0,0,11,0,15,0,23,0,0.3,0.21,85,5292,405,0.67,,0.3,51.5,68.1,34.9,,,210,210,,,,40,48,,
2006-05,10.7,53,53,9,2,0,0,0,4,0,24,2,29,0,0.2,0.44,93,5490,198,0.94,,0.2,60.3,76.5,44.1,,,210,210,,,,45,54,,
2006-06,11,293,240,2,1,0,0,0,0,0,30,19,44,0,0,0.1,102,5495,5,0.12,,0,72.8,89.6,56,,,200,200,,,,40.9,54,,
2006-07,10.1,648,355,8,4,0,0,0,0,0,29,21,54,0,0,0.75,103,7,7,1.37,,0,76.2,90.8,61.7,,,160,160,,,,44.1,52,,
2006-08,10.7,900,252,10,4,0,0,0,0,0,31,12,43,0,0,0.35,96,16,9,1.13,,0,72.8,87.2,58.4,,,140,180,,,,36,44,,
2006-09,9.2,917,18,8,3,0,0,0,1,0,20,0,32,0,0,0.47,86,217,200,0.84,,0,58.9,73.2,44.6,,,310,310,,,,45,54,,
2006-10,10.1,930,13,8,4,4,3,0,11,0,9,0,22,3,5.3,0.56,84,711,494,1.03,,9.8,49.5,62.6,36.4,,,340,350,,,,38.9,47,,
2006-11,9.6,930,0,3,2,2,2,1,23,1,4,0,0,4,2.8,0.14,80,1447,736,0.34,,4.4,40.5,54.8,26.1,,,340,350,,,,40,52,,
2006-12,10.7,930,0,5,2,16,4,1,28,10,0,0,-1,21,17.4,0.73,67,2481,1034,1.21,71.2,29.4,31.7,42,21.4,12486,,340,360,,,,36.9,55,,
2007-01,10.5,0,0,7,2,31,4,4,31,16,0,0,-8,14,5.6,0.18,58,3851,1370,0.55,75.9,15.9,20.8,31.8,9.8,13722,,290,290,,,,38.9,46,,
2007-02,10.3,0,0,6,2,19,3,2,28,5,0,0,-18,11,2.6,0.14,58,4858,1008,0.37,74,7.4,29,40.2,17.8,13298,,360,360,,,,48.1,60,,
2007-03,10.7,0,0,3,2,5,1,0,12,2,5,0,14,1,4.8,0.32,75,5446,587,0.57,74.6,4.8,46,59.2,32.9,16514,,180,180,,,,48.1,56,,
2007-04,11.2,4,4,8,3,0,0,0,14,1,7,0,22,0,0.7,2.09,83,5997,551,2.65,67.8,0.9,46.8,59.9,33.6,16225,,170,170,,,,40,52,,
2007-05,9.8,17,13,10,4,0,0,0,0,0,20,0,35,0,0,0.53,85,6227,230,1.8,75.4,0,58,71.4,44.6,20134,,170,360,,,,38.9,48,,
2007-06,10.3,179,162,3,1,0,0,0,1,0,28,13,31,0,0,0.46,100,6274,47,0.52,83.1,0,68.8,85.3,52.3,22336,,210,170,,,,44.1,56,,
2007-07,8.7,530,351,6,2,0,0,0,0,0,31,21,52,0,0,0.16,100,0,0,0.43,75.6,0,76.3,91.6,61.1,20670,,310,360,,,,40,58,,
2007-08,8.5,853,322,13,8,0,0,0,0,0,31,18,52,0,0,0.58,99,0,0,2.76,76.5,0,75.4,89.8,61,19446,,30,30,,,,38,45,,
2007-09,9.8,935,82,7,3,0,0,0,0,0,26,2,40,0,0,0.11,91,80,80,0.54,87.7,0,65.1,80.1,50,19698,,210,210,,,,38,48,,
2007-10,9.6,937,2,7,3,1,1,0,5,0,17,0,27,1,3,2.48,86,438,358,3.04,86.3,3,53.5,68.2,38.8,17958,,20,20,,,,38,46,,
2007-11,8.7,937,0,3,1,4,1,0,19,4,7,0,8,2,2,0.13,76,1148,709,0.2,84.8,2.5,41.4,55.6,27.2,15293,,290,290,,,,32,41,,
2007-12,9.8,937,0,9,3,23,5,2,29,13,1,0,0,11,7.4,0.15,72,2336,1189,0.61,72.8,20.9,26.7,38.2,15.1,12732,,340,20,,,,34.9,43,,
2008-01,9.8,0,0,2,0,9,0,4,29,6,0,0,-3,5,0.9,0.07,63,3486,1150,0.08,79.4,1.9,27.9,40,15.7,14344,,360,260,,,,34.9,46,,
2008-02,9.4,0,0,5,1,9,2,0,29,4,0,0,2,3,2,0.1,65,4388,902,0.18,87.4,5.2,33.9,47.4,20.4,16264,,280,270,,,,38,48,,
2008-03,10.3,0,0,5,0,3,2,0,28,1,2,0,11,2,1.8,0.04,74,5178,790,0.14,70.6,4.5,39.5,53.1,25.9,15563,,310,30,,,,38.9,49,,
2008-04,12.1,0,0,4,1,1,1,0,21,0,9,0,13,2,1.6,0.18,82,5744,566,0.32,54.8,2.9,46.1,61.6,30.6,13109,,30,260,,,,40,52,,
2008-05,10.5,25,25,11,7,0,1,0,6,0,19,0,21,0,3.1,0.49,89,6054,310,1.56,53.7,3.4,55.8,70.7,40.9,14368,,360,180,,,,46.1,61,,
2008-06,10.7,163,138,4,2,0,0,0,0,0,28,10,37,0,0,0.57,95,6119,65,0.73,69.2,0,67.4,83.9,50.9,18565,,250,220,,,,36,53,,
2008-07,10.1,554,391,5,1,0,0,0,0,0,31,26,51,0,0,0.16,100,0,0,0.24,68.8,0,77.6,93.7,61.5,18800,,110,280,,,,38,47,,
2008-08,9.4,782,228,7,4,0,0,0,0,0,28,11,50,0,0,1.29,104,29,29,4.04,72,0,71.4,85.1,57.8,18323,,190,190,,,,40,52,,
2008-09,8.7,807,24,5,4,0,0,0,0,0,23,0,40,0,0,0.5,87,150,121,1.04,66.8,0,61.8,76,47.5,14985,,10,10,,,,38,44,,
2008-10,9.6,807,0,5,3,0,0,0,6,0,16,0,23,0,0,1.06,81,551,400,1.44,73.2,0,52.1,66.2,37.9,15103,,320,360,,,,38.9,49,,
2008-11,10.1,807,0,4,0,1,1,0,22,0,6,0,12,2,1.6,0.09,78,1209,659,0.19,78.8,1.7,43.1,57.3,28.8,14184,,280,280,,,,40.9,51,,
2008-12,9.8,807,0,6,0,15,4,6,30,10,0,0,-19,4,3.6,0.09,69,2399,1189,0.24,73.2,10.3,26.6,41,12.3,12794,,310,310,,,,36.9,47,,
2009-01,10.7,0,0,3,0,4,2,1,26,4,1,0,-11,1,3,0.06,71,3332,933,0.13,72.2,4.9,34.9,48.2,21.6,13039,,350,350,,,,42.9,49,,
2009-02,11,0,0,2,0,0,0,0,27,1,0,0,1,0,0,0.03,68,4107,775,0.04,78.1,0,37.3,53,21.6,14032,,260,250,,,,44.1,52,,
2009-03,11.6,0,0,5,2,6,3,0,23,1,7,0,10,7,7.8,0.63,78,4826,719,0.83,67.3,13.8,41.8,56.6,27,14929,,310,240,,,,38.9,53,,
2009-04,12.3,0,0,10,5,2,2,0,14,1,10,0,16,4,4.5,1.16,79,5398,573,3.23,63.2,7.4,45.9,58.9,32.9,15068,,360,360,,,,51.9,63,,
2009-05,9.6,24,24,13,4,0,0,0,0,0,20,1,36,0,0,0.53,90,5609,211,1.3,48.5,0,59,72,46,12911,,190,190,,,,44.1,56,,
2009-06,8.3,89,65,15,9,0,0,0,0,0,25,0,41,0,0,1.64,89,5692,82,4.87,49.6,0,64.4,77.7,51.1,13359,,260,270,,,,53,68,,
2009-07,8.3,263,174,15,7,0,0,0,0,0,30,7,49,0,0,1.01,93,13,13,3.57,56.8,0,70.2,84,56.4,15577,,340,330,,,,40.9,53,,
2009-08,8.7,438,174,8,4,0,0,0,0,0,31,9,47,0,0,0.47,98,22,9,1.14,65,0,70.3,85.5,55.1,16610,,280,210,,,,36.9,47,,
2009-09,9.2,511,74,5,4,0,0,0,0,0,24,1,36,0,0,0.31,91,143,121,0.74,61.3,0,63.4,78,48.8,13741,,210,280,,,,36,45,,
2009-10,9.6,511,0,8,5,3,4,0,17,3,3,0,17,5,7.2,0.36,84,827,684,1.36,,17.2,42.9,54.7,31.1,,,350,350,,,,36.9,41,,
2009-11,8.7,511,0,3,3,4,3,0,22,1,5,0,16,5,3.8,0.23,77,1499,671,0.49,,9.3,42.6,56.4,28.8,,,350,340,,,,30,37,,
2009-12,8.7,511,0,7,2,15,5,6,31,15,0,0,-17,5,4.9,0.15,59,2766,1267,0.46,,11.1,24.1,36.4,11.9,,,220,220,,,,42.9,49,,
2010-01,8.1,0,0,2,0,11,1,3,31,2,0,0,-16,2,2.3,0.05,58,3842,1076,0.07,,2.6,30.3,42.9,17.6,,,60,310,,,,29.1,35,,
2010-02,7.6,0,0,9,0,9,3,1,28,8,0,0,-1,2,1.3,0.08,52,4847,1005,0.3,,5.8,29.1,39.7,18.5,,,360,210,,,,25.1,35,,
2010-03,10.1,0,0,6,2,4,3,0,23,0,1,0,13,8,8,0.61,82,5591,744,0.8,,12.8,41,53.5,28.5,,,350,10,,,,38,47,,
2010-04,12.1,0,0,8,3,1,0,0,15,0,5,0,26,1,0.5,1.09,79,6108,517,2.51,,0.5,47.8,61.7,33.9,,,270,340,,,,44.1,54,,
2010-05,11.9,15,15,8,2,1,1,0,7,0,14,1,28,1,1.3,0.98,90,6465,357,1.52,,1.3,54,68.3,39.7,,,220,220,,,,51.9,64,,
2010-06,9.8,171,156,5,3,0,0,0,0,0,27,10,47,0,0,0.69,99,6505,41,1.6,,0,68.8,84.1,53.6,,,20,220,,,,36,46,,
2010-07,9.2,467,295,13,5,0,0,0,0,0,30,18,53,0,0,1.84,102,4,4,3.7,,0,74.4,89.3,59.5,,,320,340,,,,40.9,48,,
2010-08,9.6,740,273,6,3,0,0,0,0,0,31,12,47,0,0,0.68,97,4,0,1.05,,0,73.8,88.6,59,,,190,340,,,,38,45,,
2010-09,9.4,834,94,3,0,0,0,0,0,0,29,8,40,0,0,0.03,96,38,34,0.06,,0,67,84.8,49.1,,,310,320,,,,36.9,44,,
2010-10,9.2,841,7,4,2,0,0,0,2,0,14,0,20,0,0,0.34,85,346,308,0.54,,0,55.3,69.7,40.9,,,350,350,,,,40.9,51,,
2010-11,9.6,841,0,5,2,0,1,0,24,1,4,0,4,0,1.5,0.15,77,1148,802,0.49,,1.5,38.3,52.6,24,,,310,320,,,,45,55,,
2010-12,8.7,841,0,2,2,2,2,1,28,2,1,0,0,2,2.2,0.12,70,2101,953,0.22,,3.3,34.3,48.9,19.7,,,340,180,,,,32,40,,
2011-01,9.2,0,0,5,1,13,1,4,30,6,0,0,-5,7,6.5,0.43,67,3188,1087,0.61,,8,29.9,42.2,17.7,,,10,10,,,,36,44,,
2011-02,10.5,0,0,5,2,13,4,6,25,7,0,0,-17,3,1.5,0.15,67,4196,1008,0.42,,5.3,29,43.4,14.7,,,250,10,,,,38,46,,
2011-03,11.2,0,0,8,1,0,2,0,24,1,4,0,14,0,1.1,0.13,76,4870,674,0.36,,2.5,43.2,58.7,27.8,,,320,320,,,,38.9,48,,
2011-04,12.1,0,0,10,6,0,1,0,11,0,8,0,19,0,1.2,0.17,84,5369,499,1.07,,1.2,48.4,62.7,34,,,300,310,,,,40.9,52,,
2011-05,10.3,8,8,12,5,0,1,0,3,0,13,0,28,0,1,1.55,86,5747,378,4.8,,1,53.1,65.4,40.7,,,260,220,,,,42.9,53,,
2011-06,10.5,131,123,8,4,0,0,0,0,0,28,7,45,0,0,1.05,96,5775,28,2.43,,0,68.2,83.3,53,,,190,200,,,,48.1,72,,
2011-07,9.4,469,338,11,7,0,0,0,0,0,31,20,56,0,0,1.04,99,0,0,3.42,,0,75.9,91.1,60.7,,,210,300,,,,51,68,,
2011-08,8.7,841,372,3,1,0,0,0,0,0,31,22,55,0,0,0.27,99,0,0,0.3,,0,77,92.7,61.3,,,180,200,,,,38.9,48,,
2011-09,8.1,916,75,6,2,0,0,0,0,0,25,1,38,0,0,0.56,96,98,98,0.89,,0,64.2,78.6,49.9,,,310,310,,,,44.1,53,,
2011-10,9.8,938,22,4,3,3,1,0,9,1,16,0,14,5,8,1.04,87,504,407,1.79,,8.5,52.6,67.3,37.9,,,210,200,,,,49,63,,
2011-11,9.8,938,0,2,2,3,2,0,26,1,0,0,10,3,2.5,0.28,69,1270,765,0.47,,4.5,39.5,54.1,24.8,,,260,260,,,,42.9,52,,
2011-12,9.4,938,0,6,3,28,4,2,30,7,0,0,-5,5,5.7,0.28,58,2459,1189,0.78,,16.5,26.6,38.5,14.8,,,270,270,,,,45,59,,
2012-01,10.7,0,0,4,1,4,1,2,28,1,0,0,-6,3,3.2,0.1,66,3359,899,0.26,,4.9,36,50.3,21.6,,,330,330,,,,38.9,51,,
2012-02,11.4,0,0,7,2,22,6,0,28,9,0,0,3,11,12.5,0.57,65,4420,1061,0.9,,20.2,28.4,38.7,18.1,,,170,170,,,,49,59,,
2012-03,11.6,0,0,2,0,0,0,0,14,0,16,0,16,0,0,0.02,81,4910,490,0.03,,0,49.2,65.4,32.9,,,180,190,,,,46.1,58,,
2012-04,11.4,6,6,8,4,0,1,0,4,0,15,0,24,0,1,0.43,88,5267,357,1.39,,1,53.3,68.6,37.9,,,350,350,,,,44.1,56,,
2012-05,10.3,49,43,6,3,0,0,0,0,0,22,2,36,0,0,0.6,93,5451,184,1.01,,0,60.5,75.4,45.5,,,180,170,,,,42.9,52,,
2012-06,12.1,357,308,2,2,0,0,0,0,0,30,17,43,0,0,0.61,105,5458,7,1.22,,0,75,91.7,58.4,,,240,250,,,,51.9,67,,
2012-07,9.8,788,430,6,2,0,0,0,0,0,31,27,57,0,0,0.23,102,0,0,0.48,,0,78.9,94.4,63.4,,,310,300,,,,38.9,45,,
2012-08,9.8,1097,309,1,1,0,0,0,0,0,31,20,47,0,0,0.11,98,0,0,0.11,,0,75,91,58.9,,,330,330,,,,38,45,,
2012-09,8.7,1205,108,5,3,0,0,0,0,0,25,7,45,0,0,1.41,95,70,70,2.95,,0,66.3,80.3,52.3,,,300,290,,,,30,37,,
2012-10,9.2,1206,0,5,3,2,2,0,11,1,10,0,24,4,4.1,0.55,83,565,495,1.22,,5.5,49,62.2,35.9,,,220,220,,,,36.9,46,,
2012-11,8.5,1206,0,1,1,1,1,0,19,0,3,0,13,1,1.7,0.27,77,1211,645,0.27,,1.7,43.5,58.4,28.5,,,300,320,,,,29.1,37,,
2012-12,9.8,1206,0,5,1,3,2,2,28,8,0,0,-2,2,1.9,0.14,69,2249,1039,0.27,,5.2,31.5,44.2,18.8,,,270,290,,,,38,48,,
2013-01,8.7,0,0,4,1,7,2,5,30,6,0,0,-12,1,2.7,0.19,66,3323,1074,0.31,,4.6,30.3,44.7,16.1,,,290,290,,,,38,45,,
2013-02,10.3,0,0,6,4,7,4,0,28,6,0,0,5,9,9.1,0.43,63,4302,978,0.77,,14.1,30.1,43.3,16.9,,,360,10,,,,34.9,44,,
2013-03,10.1,0,0,6,4,14,5,0,24,3,1,0,2,6,6.2,0.47,76,5148,846,1.47,,23.5,37.7,50.7,24.7,,,10,300,,,,38,47,,
2013-04,,,,,,6,5,,,,,,,7,7,,,,,,,20.5,,,,,,,,,,,,,,
2013-05,,,,,,1,1,,,,,,,1,3.2,,,,,,,3.4,,,,,,,,,,,,,,
2013-06,,,,,,0,0,,,,,,,0,0,,,,,,,0,,,,,,,,,,,,,,
2013-07,,,,,,0,0,,,,,,,0,0,,,,,,,0,,,,,,,,,,,,,,
2013-08,,,,,,0,0,,,,,,,0,0,,,,,,,0,,,,,,,,,,,,,,
2013-09,,,,,,0,0,,,,,,,0,0,,,,,,,0,,,,,,,,,,,,,,
2013-11,,,,2,1,2,1,,,,,,,2,2,0.11,,,,0.12,,2,,,,,,,,,,,,,,
2014-01,10.7,0,0,9,3,8,5,3,30,4,0,0,-10,3,3.6,0.22,65,,1048,0.94,,14.3,31.2,44.9,17.5,,,290,280,,,,36,44,,
2014-02,10.5,0,0,4,1,11,1,5,26,8,0,0,-19,2,2.3,0.12,68,,1028,0.19,,3.3,28.3,42.3,14.3,,,270,270,,,,48.1,59,,
2014-03,11.4,0,0,9,2,4,3,0,23,2,4,0,4,2,1.6,0.32,73,,746,0.83,,6.1,40.9,55.8,26.1,,,350,350,,,,45,55,,
2014-04,13,0,0,6,5,2,2,0,10,0,9,0,18,3,3.4,0.29,80,,479,1.24,,5.6,49,62.8,35.2,,,340,340,,,,49,66,,
2014-05,10.5,19,19,13,6,1,0,0,4,0,19,0,30,1,0.7,1.2,87,,251,3.52,,1.1,57.5,70.6,44.5,,,330,330,,,,36.9,43,,
2014-06,10.5,119,100,9,5,0,0,0,0,0,29,6,42,0,0,0.51,94,,31,1.83,,0,67.3,83.4,51.2,,,300,220,,,,38.9,55,,
2014-07,9.6,418,299,8,6,0,0,0,0,0,30,17,55,0,0,1.8,100,5,5,3.85,,0,74.5,88.3,60.6,,,310,290,,,,51,52,,
2014-08,8.9,594,176,13,5,0,0,0,0,0,31,4,52,0,0,0.81,91,8,2,2.74,,0,70.6,83.8,57.3,,,300,300,,,,38,47,,
2014-09,9.4,681,87,9,4,0,0,0,0,0,25,2,33,0,0,1.01,94,102,94,1.8,,0,64.7,78.9,50.6,,,350,360,,,,33.1,40,,
2014-10,9.2,681,0,5,2,0,0,0,4,0,18,0,29,0,0,0.25,83,410,307,0.52,,0,55.1,69.5,40.7,,,20,10,,,,35.1,44,,
2014-11,10.1,681,0,6,3,6,2,4,22,5,3,0,-14,2,2.2,0.3,72,1271,862,0.76,,4,36.3,50.6,22,,,40,40,,,,42.9,54,,
2014-12,8.7,681,0,7,2,6,4,2,31,5,0,0,-19,6,5.4,0.17,66,2312,1041,0.59,,12,31.4,44.1,18.7,,,340,330,,,,40.9,52,,
2015-01,9.6,0,0,5,1,6,3,3,27,5,2,0,-10,4,3,0.12,75,3275,962,0.37,,7.2,33.9,46.8,21.1,,,290,270,,,,36.9,46,,
2015-02,9.4,0,0,10,5,12,8,1,24,7,4,0,-6,9,6,0.37,74,4146,871,1.25,,22.4,33.9,46.6,21.2,,,10,40,,,,44.1,43,,
2015-03,9.8,0,0,5,3,7,2,0,12,2,7,0,2,3,1.9,0.34,81,4763,617,0.79,,2.9,45.1,58.9,31.3,,,260,260,,,,36,45,,
2015-04,10.7,0,0,9,6,2,1,0,7,0,8,0,27,2,4.1,1.22,79,5251,488,2.65,,5.3,48.7,62.1,35.3,,,350,280,,,,40.9,52,,
2015-05,9.2,4,4,19,10,1,1,0,3,0,9,0,27,4,3.5,1.08,85,5626,375,3.76,,4,53,63.3,42.7,,,280,280,,,,45,54,,
2015-06,8.9,151,147,13,5,0,0,0,0,0,30,6,51,0,0,0.99,94,5639,13,2.54,,0,69.5,82.9,56.1,,,160,160,,,,36,47,,
2015-07,9.4,397,246,12,3,0,0,0,0,0,30,16,52,0,0,0.33,97,5,5,1.07,,0,72.8,87.6,57.9,,,320,330,,,,46.1,60,,
2015-08,9.6,692,295,9,4,0,0,0,0,0,31,19,43,0,0,0.68,98,20,15,1.18,,0,74,89.8,58.3,,,260,340,,,,38,47,,
2015-09,9.2,833,141,3,0,0,0,0,0,0,30,7,44,0,0,0.07,92,29,9,0.11,,0,69.4,85.2,53.5,,,280,270,,,,35.1,54,,
2015-10,8.7,847,14,6,3,0,0,0,1,0,16,0,28,0,0,0.79,87,308,279,1.76,,0,56.5,70.1,42.8,,,10,160,,,,29.1,40,,
2015-11,10.5,847,0,11,6,6,7,0,24,5,3,0,3,4,2.8,0.5,75,1102,794,2.13,,11.2,38.5,51.3,25.8,,,350,350,,,,46.1,58,,
2015-12,9.8,847,0,5,3,18,3,0,28,10,0,0,0,7,7.7,0.32,69,2202,1100,0.71,,11.3,29.5,41,18,,,280,290,,,,40.9,63,,
2016-01,8.5,0,0,5,3,6,2,0,30,3,0,0,5,2,2.3,0.23,65,3229,1026,0.5,,4.6,31.9,43.5,20.3,,,270,270,,,,32,38,,
2016-02,11.4,0,0,2,2,9,2,0,25,3,2,0,1,9,6.9,0.33,73,4014,785,0.48,,11.6,37.9,52.3,23.6,,,220,230,,,,42.9,53,,
2016-03,11.9,0,0,9,2,7,2,0,21,1,3,0,10,10,13.1,0.77,74,4738,724,1.19,,18.4,41.6,54.9,28.4,,,340,340,,,,53,59,,
2016-04,11,0,0,10,6,5,3,0,11,0,9,0,25,8,11.8,1.19,77,5271,533,2.56,,15.6,47.2,59.4,35.1,,,300,300,,,,42.9,53,,
2016-05,10.3,3,3,13,4,0,0,0,3,0,14,0,28,0,0,1.15,83,5602,332,2.38,,0,54.4,66.9,41.9,,,200,300,,,,38.9,47,,
2016-06,8.9,181,178,7,4,0,0,0,0,0,30,12,49,0,0,0.63,98,5606,4,1.63,,0,70.8,85.5,56.2,,,270,260,,,,42.9,56,,
2016-07,10.3,530,349,6,4,0,0,0,0,0,31,22,51,0,0,0.61,102,0,0,1.07,,0,76.2,92,60.5,,,340,340,,,,53.9,74,,
2016-08,9.8,740,210,4,1,0,0,0,0,0,30,15,47,0,0,0.12,97,16,16,0.22,,0,71.2,86.3,56.2,,,10,20,,,,42.9,55,,
2016-09,9.6,835,96,4,1,0,0,0,0,0,28,6,37,0,0,0.18,93,82,66,0.28,,0,66,82.3,49.7,,,170,200,,,,36.9,52,,
2016-10,10.1,850,15,3,1,0,0,0,3,0,23,0,25,0,0,0.22,86,321,238,0.26,,0,57.8,74.4,41.2,,,260,270,,,,33.1,43,,
2016-11,9.8,850,0,2,2,1,1,0,15,1,7,0,10,2,1.7,0.3,80,915,595,0.52,,1.7,45.2,59.9,30.5,,,270,270,,,,33.1,43,,
2016-12,9.2,850,0,6,2,6,3,4,30,6,0,0,-15,8,4.2,0.45,65,2065,1150,0.78,,9.7,27.9,42.7,13.1,,,260,260,,,,36.9,46,,
2017-01,8.9,0,0,3,3,7,3,2,30,8,0,0,-7,4,2.6,0.24,63,3147,1081,0.54,,6.3,30.1,42.3,17.9,,,280,270,,,,36.9,53,,
2017-02,11,0,0,3,1,0,1,0,21,3,3,0,11,0,1.3,0.16,80,3838,691,0.23,,1.6,40.3,53.9,26.8,,,240,240,,,,35.1,59,,
2017-03,12.1,0,0,6,3,0,0,0,16,0,11,0,14,0,0,0.45,81,4365,527,0.89,,0,48,64,32,,,290,290,,,,46.1,60,,
2017-04,11.6,0,0,10,5,1,1,0,15,1,11,0,24,1,2.4,0.22,79,4848,483,0.98,,2.5,48.9,63.2,34.6,,,300,300,,,,44.1,56,,
2017-05,10.7,6,6,17,11,0,0,0,1,0,17,0,32,0,0,1.13,86,5135,286,3.67,,0,55.9,69.6,42.3,,,230,230,,,,42.9,53,,
2017-06,10.1,168,162,5,2,0,0,0,0,0,29,9,42,0,0,0.13,99,5161,27,0.33,,0,69.5,85.5,53.6,,,270,270,,,,44.1,67,,
2017-07,9.6,521,354,6,3,0,0,0,0,0,31,20,51,0,0,0.15,100,0,0,0.47,,0,76.4,91.5,61.3,,,120,120,,,,45,53,,
2017-08,9.2,731,210,6,4,0,0,0,0,0,29,10,51,0,0,0.9,95,9,9,1.87,,0,71.5,85.7,57.3,,,320,320,,,,49,62,,
2017-09,9.6,858,127,6,2,0,0,0,0,0,23,9,40,0,0,0.83,97,133,124,1.26,,0,65.1,79,51.3,,,20,30,,,,40,48,,
2017-10,10.3,859,0,5,4,0,1,0,11,0,13,0,13,0,2.8,0.35,84,594,461,0.96,,2.8,50.1,64.5,35.8,,,300,300,,,,46.1,59,,
2017-11,9.8,859,0,3,1,0,0,0,22,0,7,0,22,0,0,0.23,81,1184,590,0.29,,0,45.3,61.1,29.5,,,350,270,,,,38.9,52,,
2017-12,10.1,859,0,4,1,5,1,1,28,4,0,0,-4,2,2.3,0.1,69,2168,984,0.21,,4,33.3,48.3,18.2,,,270,280,,,,36.9,48,,
2018-01,9.4,0,0,5,2,5,1,2,28,3,0,0,-4,4,5.7,0.3,68,3106,938,0.54,,6.4,34.7,49.2,20.3,,,260,270,,,,36.9,48,,
2018-02,10.1,0,0,5,2,5,2,2,26,6,0,0,-7,2,2.9,0.14,69,4086,980,0.31,,6.2,30,44.5,15.5,,,270,270,,,,38,47,,
2018-03,11.6,0,0,6,3,3,2,0,27,0,4,0,13,1,2,0.33,73,4776,690,1.02,,4.8,42.7,58.5,27,,,280,290,,,,46.1,64,,
2018-04,12.5,1,1,8,4,1,1,0,16,0,11,0,21,1,1.3,0.34,83,5291,516,0.86,,1.5,47.9,63.2,32.5,,,320,280,,,,46.1,70,,
2018-05,9.8,46,45,8,5,0,0,0,0,0,21,4,40,0,0,0.49,94,5447,155,1.86,,0,61.4,75.4,47.4,,,330,330,,,,36,52,,
2018-06,10.5,281,234,5,2,0,0,0,0,0,30,16,44,0,0,0.25,105,5458,11,0.43,,0,72.4,88.8,56,,,240,160,,,,40,58,,
2018-07,10.1,599,319,8,3,0,0,0,0,0,31,19,47,0,0,0.43,99,0,0,1.03,,0,75.3,90.2,60.3,,,140,150,,,,47,64,,
2018-08,10.3,839,240,7,2,0,0,0,0,0,31,11,46,0,0,0.38,95,10,10,0.94,,0,72.4,86.8,58,,,280,270,,,,40.9,60,,
2018-09,9.8,995,155,5,0,0,0,0,0,0,27,9,36,0,0,0.08,96,82,72,0.19,,0,67.8,82.7,52.8,,,270,270,,,,36.9,49,,
2018-10,9.8,998,3,9,3,1,1,0,7,1,11,0,18,1,2.7,0.31,86,575,493,1,,3.2,49.2,61.6,36.8,,,360,360,,,,38.9,49,,
2018-11,9.8,998,0,6,1,2,2,0,27,2,0,0,10,1,1.8,0.17,65,1389,814,0.35,,4.5,37.9,50.6,25.1,,,330,320,,,,48.1,62,,
2018-12,9.6,998,0,1,0,1,0,0,31,4,0,0,0,1,0.5,0.03,63,2395,1006,0.03,,0.5,32.5,46.1,19,,,10,10,,,,38.9,53,,
2019-01,10.1,0,0,6,2,4,4,1,29,6,0,0,-5,1,2.3,0.45,62,3415,1020,0.75,,6.2,32.1,44.6,19.6,,,290,350,,,,40,54,,
2019-02,9.6,0,0,6,3,9,4,3,26,8,0,0,-11,7,6.8,0.41,65,4448,1033,0.72,,13.4,28.1,40.8,15.4,,,60,70,,,,35.1,43,,
2019-03,10.3,0,0,9,6,8,4,3,28,3,2,0,-6,7,7.1,0.64,73,5371,924,1.39,,12.9,35.2,46.7,23.7,,,340,340,,,,59.9,80,,
2019-04,10.3,0,0,9,2,2,2,0,10,0,11,0,17,3,2.2,0.82,80,5846,475,1.26,,3.5,49.2,62.7,35.6,,,310,280,,,,44.1,55,,
2019-05,10.1,4,4,14,7,1,1,0,7,0,13,0,30,3,3,1.07,83,6266,420,3.24,,3.9,51.6,63.9,39.3,,,310,310,,,,35.1,50,,
2019-06,9.6,87,83,12,6,0,0,0,0,0,26,5,42,0,0,0.97,96,6330,64,2.24,,0,65.6,80.1,51.2,,,180,200,,,,42.9,56,,
2019-07,9.8,420,332,9,5,0,0,0,0,0,31,20,52,0,0,1.1,101,0,0,2.42,,0,75.7,91,60.4,,,280,290,,,,55,80,,
2019-08,9.4,741,321,3,1,0,0,0,0,0,31,18,51,0,0,0.46,99,0,0,0.58,,0,75.4,90.6,60.2,,,20,20,,,,40,56,,
2019-09,10.3,895,154,3,2,0,0,0,0,0,30,5,40,0,0,0.26,100,24,24,0.41,,0,69.3,85.5,53.2,,,260,240,,,,42.9,58,,
2019-10,10.1,896,1,9,4,4,5,0,18,5,10,0,3,6,6.6,0.22,83,683,659,0.91,,12.5,43.8,58.5,29,,,40,30,,,,46.1,57,,
2019-11,9.4,896,0,8,4,10,4,1,25,7,2,0,-2,8,8.5,0.8,77,1545,862,1.31,,13.7,36.3,49.7,22.8,,,20,10,,,,36.9,48,,
2019-12,9.2,896,0,2,2,7,1,0,27,6,0,0,3,4,2.8,0.18,67,2513,968,0.3,,2.8,33.8,45.3,22.2,,,350,270,,,,33.1,43,,
2020-01,10.1,0,0,2,1,0,0,0,31,1,0,0,7,0,0.5,0.13,62,3453,940,0.14,,0.9,34.7,48,21.3,,,290,290,,,,40,53,,
2020-02,10.3,0,0,9,4,17,5,2,28,10,1,0,-5,7,5,0.19,74,4519,1066,0.89,,16.5,28.2,40,16.5,,,350,350,,,,40,54,,
2020-03,10.5,0,0,6,3,5,2,0,24,1,0,0,11,6,6,0.74,68,5216,696,1.26,,7.5,42.5,56,29.1,,,160,170,,,,40,52,,
2020-04,9.6,0,0,8,1,2,1,0,11,2,10,0,11,1,1.9,0.25,81,5777,562,0.54,,3.7,46.3,61.1,31.4,,,320,320,,,,38,46,,
2020-05,10.7,38,38,7,4,0,0,0,2,0,23,2,30,0,0,0.94,92,5983,205,1.65,,0,59.6,74.9,44.2,,,310,320,,,,49,65,,
2020-06,11.4,247,209,7,1,0,0,0,0,0,28,17,41,0,0,0.46,96,6011,28,0.71,,0,71.1,87.7,54.4,,,230,230,,,,57.9,78,,
2020-07,11,605,357,9,4,0,0,0,0,0,31,23,52,0,0,0.27,99,0,0,0.96,,0,76.5,92.4,60.7,,,270,350,,,,40,56,,
2020-08,9.4,978,373,5,2,0,0,0,0,0,31,26,46,0,0,0.15,100,1,1,0.35,,0,77,93.5,60.6,,,160,170,,,,36,47,,
2020-09,8.7,1119,141,5,2,1,1,0,2,0,25,7,31,1,1,0.72,101,129,128,0.93,,1,65.4,80.7,50.2,,,10,20,,,,33.1,41,,
2020-10,9.6,1129,9,2,1,2,2,0,14,2,16,0,4,3,2.9,0.18,87,607,478,0.26,,4,49.9,66.3,33.5,,,310,320,,,,46.1,59,,
2020-11,10.5,1129,0,3,1,4,1,0,21,0,8,0,14,4,5,0.44,79,1245,638,0.5,,5,43.7,58.7,28.8,,,290,290,,,,45,60,,
2020-12,9.8,1129,0,7,3,12,3,0,29,8,0,0,5,3,2,0.16,68,2232,987,0.58,,7,33.2,45.5,20.8,,,290,290,,,,46.1,60,,
2021-01,9.2,0,0,2,1,3,2,0,30,4,0,0,2,2,1.9,0.16,63,3194,962,0.22,,3.1,34,46.2,21.8,,,290,290,,,,40.9,58,,
2021-02,9.8,0,0,7,4,11,4,5,28,9,0,0,-16,10,5.3,0.25,67,4300,1107,0.8,,13.5,25.5,38.5,12.5,,,290,290,,,,42.9,56,,
2021-03,10.7,0,0,10,6,11,6,0,25,1,2,0,16,16,19.9,2.28,75,5092,792,3.8,,34,39.5,51.2,27.7,,,70,350,,,,36.9,48,,
2021-04,10.3,0,0,8,7,5,4,0,16,0,9,0,15,5,4.2,0.73,81,5655,563,2.02,,12.6,46.2,59.8,32.7,,,350,350,,,,38.9,47,,
2021-05,9.4,9,9,13,9,0,0,0,1,0,18,0,32,0,0,0.99,86,5940,285,3.65,,0,56.1,68.1,44.1,,,300,300,,,,46.1,62,,
2021-06,9.6,227,218,7,3,0,0,0,0,0,30,13,44,0,0,0.3,101,5960,20,0.84,,0,71.6,86.4,56.8,,,330,320,,,,35.1,43,,
2021-07,9.4,589,362,5,1,0,0,0,0,0,31,21,52,0,0,0.14,102,0,0,0.34,,0,76.7,91.4,62,,,350,340,,,,38,49,,
2021-08,9.2,911,322,4,1,0,0,0,0,0,31,18,53,0,0,0.18,98,0,0,0.27,,0,75.4,90.6,60.2,,,220,160,,,,38.9,51,,
2021-09,9.4,1085,173,5,1,0,0,0,0,0,27,7,39,0,0,0.12,99,61,61,0.28,,0,68.8,83.9,53.6,,,20,200,,,,35.1,46,,
2021-10,9.6,1090,5,3,0,0,0,0,7,0,19,0,24,0,0,0.04,85,408,347,0.08,,0,54,69.2,38.7,,,310,300,,,,38.9,47,,
2021-11,9.6,1090,0,2,0,0,0,0,13,0,7,0,12,0,0,0.06,80,967,559,0.07,,0,46.3,61.4,31.3,,,220,290,,,,32,43,,
2021-12,10.5,1090,0,3,1,0,1,0,26,0,2,0,4,0,4.5,0.12,73,1789,822,0.16,,4.8,38.5,54.1,22.9,,,290,290,,,,42.9,60,,
2022-01,9.4,0,0,7,4,13,5,2,30,5,0,0,-9,4,5,0.25,62,2844,1054,0.78,,13.4,31,45.2,16.8,,,360,10,,,,36,49,,
2022-02,9.8,0,0,8,4,14,6,4,26,8,0,0,-11,4,3.9,0.24,65,3847,1004,0.94,,15.8,29.2,42.3,16,,,60,10,,,,30,37,,
2022-03,11,0,0,6,5,7,5,1,24,4,6,0,-7,4,4,0.41,80,4638,790,1.17,,13.1,39.5,53.7,25.3,,,360,360,,,,45,61,,
2022-04,12.8,5,5,2,0,0,0,0,14,0,8,0,10,0,0,0.05,89,5145,507,0.06,,0,48.3,64.7,31.9,,,180,180,,,,46.1,58,,
2022-05,11,29,24,8,5,1,1,0,4,0,19,1,31,2,1.8,0.71,90,5423,278,2.59,,2.3,56.8,71.7,42,,,20,20,,,,42.9,54,,
2022-06,10.3,217,188,3,1,0,0,0,0,0,29,13,39,0,0,0.52,100,5455,32,0.58,,0,70.2,86,54.3,,,260,260,,,,40,55,,
2022-07,9.8,622,405,12,3,0,0,0,0,0,31,24,53,0,0,0.32,101,0,0,1,,0,78,93.5,62.7,,,220,240,,,,36.9,49,,
2022-08,9.8,965,343,6,3,0,0,0,0,0,31,19,55,0,0,1.14,101,0,0,1.46,,0,76.1,90.3,61.9,,,180,200,,,,36.9,53,,
2022-09,9.2,1139,173,7,4,0,0,0,0,0,26,10,42,0,0,0.5,99,54,54,1.26,,0,69,84.3,53.6,,,320,160,,,,36,45,,
2022-10,8.5,1139,0,3,2,0,0,0,4,0,12,0,30,0,0,0.27,79,402,347,0.46,,0,53.8,67.3,40.3,,,20,20,,,,36.9,49,,
2022-11,9.2,1139,0,5,1,8,5,0,26,4,3,0,4,5,4.5,0.19,75,1280,878,0.47,,10.9,35.7,48.8,22.7,,,170,160,,,,38.9,52,,
2022-12,10.7,1139,0,5,3,11,4,4,30,6,0,0,-24,6,6.4,0.6,64,2384,1103,1.18,,13,29.4,44.7,14.2,,,300,290,,,,38.9,52,,
2023-01,8.3,0,0,12,3,28,2,3,30,14,0,0,-10,6,4.8,0.44,59,3619,1235,1.26,,13,25.2,34.4,15.9,,,340,340,,,,32,40,,
2023-02,11,0,0,3,1,9,2,3,28,4,0,0,-11,4,3.6,0.22,62,4565,946,0.25,,4.7,31.2,43.3,19.1,,,290,270,,,,40.9,58,,
2023-03,10.5,0,0,6,2,3,3,0,30,1,1,0,13,2,2.2,0.16,71,5465,900,0.49,,5.1,36,49.1,22.9,,,210,220,,,,38.9,54,,
2023-04,10.7,5,5,7,2,1,1,0,17,0,9,0,11,2,1.3,0.31,85,5986,521,0.8,,2.2,47.8,63.3,32.3,,,320,320,,,,42.9,58,,
2023-05,9.4,8,3,15,7,0,0,0,0,0,23,0,38,0,0,2.92,82,6164,178,5.54,,0,59.4,71.7,47,,,250,250,,,,40.9,53,,
2023-06,8.9,63,54,15,10,0,0,0,0,0,24,1,47,0,0,1.85,92,6244,80,6.11,,0,64.1,75.6,52.7,,,80,240,,,,40,52,,
2023-07,9.4,341,278,12,7,0,0,0,0,0,31,16,52,0,0,0.77,98,2,2,2.1,,0,73.9,88,59.8,,,260,280,,,,38,54,,
2023-08,9.8,628,287,7,2,0,0,0,0,0,31,15,49,0,0,0.6,99,6,3,0.93,,0,74.2,88.2,60.1,,,50,40,,,,38,51,,
2023-09,9.2,754,126,5,2,0,0,0,0,0,28,7,40,0,0,0.4,99,41,35,0.68,,0,68,83.7,52.3,,,200,190,,,,38.9,52,,
2023-10,9.2,765,11,3,2,3,2,0,8,2,19,0,11,6,5.3,0.39,86,440,399,0.52,,7.5,52.5,67.5,37.5,,,10,10,,,,36.9,51,,
2023-11,9.2,765,0,4,0,5,2,0,20,2,6,0,10,2,1.9,0.09,78,1091,651,0.19,,2.9,43.3,57.6,29,,,340,360,,,,35.1,47,,
2023-12,9.8,765,0,3,0,1,1,0,27,2,1,0,8,1,1,0.07,71,1912,821,0.12,,1.4,37.7,50.7,24.6,,,330,320,,,,42.9,64,,
2024-01,,,,,,,,,,,,,,,,,,,,,,,,,,,,,,,,,,,,