60.2372,-138.2327,9.2,3.5,ml,ak02318zn83a,ak
10.7145,125.4476,69.238,5.4,mww,us6000jjtj,us
51.5054,-175.733,32.5,3.9,ml,ak02318yk2x4,ak
52.2487,-170.417,28.1,3.6,ml,ak02318yfslg,ak
62.979,-150.5749,95.6,2.5,ml,ak02318yc4as,ak
-2.8446,129.6184,20.664,4.7,mb,us6000jjsz,us
56.4961,-152.1692,7.3,2.5,ml,ak02318xokyu,ak
19.24283409,-155.404007,30.87000084,2.47,ml,hv73313997,hv
-23.7222,-179.4605,525.778,4.6,mb,us6000jjsa,us
18.12416667,-67.03166667,13.97,3.02,md,pr71394653,pr
-23.3301,-179.8864,528.172,4.5,mb,us6000jjs9,us
19.6534996,-155.9646606,23.71999931,2.75,ml,hv73313957,hv
35.7368333,-117.6218333,10.27,2.59,ml,ci40162687,ci
19.26683333,-66.69066667,83.01,3.25,md,pr71394633,pr
18.7795,-64.3253,33,4.6,ml,pr2023027001,pr
-19.7378,-69.2278,118.092,4.3,mb,us6000jjn7,us
-16.5691,-69.7504,195.543,4.5,mb,us6000jjn6,us
40.588,-124.1238333,17.1,3.23,ml,nc73838231,nc
30.5496,50.3913,10,4.4,mb,us6000jjmx,us
40.3749,-127.1251,10,3.3,ml,us6000jjml,us
1.6595,99.459,174.233,4.3,mb,us6000jjmh,us
-49.5504,117.4545,10,5,mb,us6000jjm1,us
31.73685144,-104.1109004,6.915661621,2.9,ml,tx2023bvwo,tx
5.0199,-76.2029,103.42,4.5,mb,us6000jjlq,us
2.5703,95.8843,27.512,4.3,mb,us6000jjls,us
8.9232,-82.8946,10.558,3.4,ml,us6000jjlg,us
19.0359993,-155.4109955,32.93999863,2.47000003,md,hv73313672,hv
17.979,-66.91433333,11.71,2.68,md,pr71394593,pr
18.3245,-67.9785,157,3.42,md,pr2023027000,pr
13.7912,120.5476,110.676,4.5,mb,us6000jjlk,us
18.32883333,-67.9845,97.86,3.4,md,pr71394573,pr
18.1185,-67.13966667,12.9,3.03,md,pr71394563,pr
17.96583333,-67.38733333,23.43,2.68,md,pr71394558,pr
60.5478,-146.9078,19.5,2.8,ml,ak02318nu5un,ak
41.4478,77.4532,10,4.6,mb,us6000jjkp,us
36.6674,67.7,59.493,4,mb,us6000jjkl,us
-17.0039,-71.5028,94.822,4.3,mb,us6000jjk4,us
18.57183333,-67.352,16.07,2.81,md,pr71394533,pr
62.9547,-149.6454,76.5,3.9,ml,ak02317c6fu9,ak
19.153,-155.372,30.08,3.1,ml,hv73313432,hv
57.338,-33.2601,10,5.3,mww,us6000jjj3,us
57.3763,-33.374,10,5.2,mww,us6000jjj0,us
58.2445,-155.1756,37.2,2.7,ml,ak02317b0760,ak
-12.4691,166.9634,212.274,4.9,mb,us6000jjim,us
2.8087,126.8523,40.28,4.6,mb,us6000jjik,us
50.6252,-172.6345,13.384,5.1,mww,us6000jjid,us
30.5315,137.5483,480.991,4.5,mb,us6000jjgm,us
-5.6296,154.2556,128.292,4.5,mb,us6000jjgk,us
-22.2328,-67.309,189.68,4.4,mb,us6000jjg6,us
-17.8522,-173.4025,35,4.8,mb,us6000jjfu,us
61.307,-146.8654,20.2,2.6,ml,ak023178f2fd,ak
23.2115,123.3863,10,4.9,mb,us6000jjfs,us
11.6697,43.9143,10,4.8,mb,us6000jjdl,us
32.7456665,-100.6529869,6.773966471,3.2,ml,tx2023bunm,tx
32.75115967,-100.6594179,6.284871419,2.6,ml,tx2023bumz,tx
-30.254,-178.6685,135.699,6,mww,us6000jjcy,us
19.1126,-66.3113,28,3.46,md,pr2023026000,pr
32.9615,-116.3011667,10.43,2.5,ml,ci40162055,ci
38.8055,-122.8088303,1.28,2.51,md,nc73837546,nc
2.874,127.1574,59.198,4.9,mb,us6000jjce,us
31.69239017,-104.2946447,7.211303711,2.5,ml,tx2023bucz,tx
-0.1167,-77.4795,10,4.1,mb,us6000jjbm,us
2.8733,126.965,35,5.7,mww,us6000jjbj,us
16.6078,-25.6214,10,5.3,mb,us6000jjbh,us
-30.4621,-178.5405,35,4.5,mb,us6000jjbd,us
-1.9745,-79.9816,77.663,4.6,mb,us6000jjb9,us
36.0873,70.2599,128.709,4.1,mb,us6000jjb5,us
19.18366667,-155.4955,34.29,2.7,ml,hv73312942,hv
-16.9679,-69.5808,190.929,4.3,mb,us6000jjb1,us
36.7775,-121.4841667,4.73,2.81,md,nc73837451,nc
18.08833333,-66.05266667,21.82,2.5,md,pr71394463,pr
12.48,40.5288,10,4.3,mb,us6000jjan,us
40.392,-125.2368333,9.72,2.6,md,nc73837406,nc
29.7569,102.0783,10,4.9,mb,us6000jjai,us
-24.019,179.9833,514.333,4.5,mb,us6000jjae,us
20.216,146.1963,35,4.7,mb,us6000jja4,us
37.507,72.2651,191.644,4,mb,us6000jj9h,us
29.7984,102.0643,10,4.4,mb,us6000jj9c,us
29.6191,102.1184,10,4.4,mb,us6000jj97,us
29.6746,102.1543,10,4.4,mb,us6000jj94,us
29.7128,102.0765,10,4.5,mb,us6000jj99,us
-28.3524,-175.9795,10,5,mb,us6000jj8y,us
29.7656,102.0473,10,5.5,mww,us6000jj8s,us
2.8058,127.3046,50.39,4.5,mb,us6000jj8q,us
38.8208333,-122.795,2.96,2.89,md,nc73837161,nc
19.04966667,-155.4255,37.08,3.21,ml,hv73312697,hv
35.7891,79.8617,10,5.3,mb,us6000jj6p,us
2.8851,126.9928,45.547,4.6,mb,us6000jj7q,us
57.5059,-154.934,40.5,3.9,ml,ak02315lg1dw,ak
-31.4512,-178.1953,37.76,5,mb,us6000jj6h,us
-6.1056,155.1407,158.785,4.8,mww,us6000jj6a,us
44.9052,80.9957,10,4.1,mb,us6000jj63,us
55.754,-158.5617,56.2,2.5,ml,ak02315kagu7,ak
41.2102,84.2142,10,4.6,mb,us6000jj5y,us
-5.5069,153.6635,42.747,4.6,mb,us6000jj5v,us
35.7757,28.5931,25.889,5.9,mww,us6000jj5k,us
19.16583333,-155.502,35.05,2.74,md,hv73312562,hv
-20.2971,-177.6661,494.538,4.4,mb,us6000jj4m,us
18.3958,-68.8306,140,3.84,md,pr2023025003,pr
33.8978333,-118.6956667,13.44,2.75,ml,ci40161431,ci
33.883,-118.6923333,10.98,2.9,ml,ci40161407,ci
33.8863333,-118.7026667,13.83,3.61,ml,ci40161287,ci
35.8515,-97.19116667,7.98,3.53,ml,ok2023bspx,ok
33.885,-118.7045,14.71,4.19,mw,ci40161279,ci
-3.4826,-80.7592,34.065,4.4,mb,us6000jj3z,us
19.14716667,-155.369,30.36,3.59,ml,hv73312432,hv
19.4056,-65.8381,27,3.9,md,pr2023025002,pr
37.5478333,-118.8758333,6.66,2.55,md,nc73836951,nc
19.22716713,-155.423996,31.93000031,2.69000006,md,hv73312382,hv
18.5828,-66.7998,13,3.63,md,pr2023025001,pr
18.1205,-67.13883333,12.09,2.99,md,pr71394363,pr
12.9459,-88.7273,67.408,4.6,mwr,us6000jj31,us
41.5,-112.1718333,6.87,2.79,ml,uu60530292,uu
-26.3612,-71.3386,19.321,4.3,mb,us6000jj2x,us
18.43,-66.3895,112,3.68,md,pr2023025000,pr
56.3377,114.3667,10,4,mb,us6000jj2v,us
9.2148,126.5496,35,4.6,mb,us6000jj2r,us
40.5713333,-124.2338333,9.23,2.53,md,nc73836866,nc
59.0989,-153.6504,101.3,3.1,ml,ak02315d4dt4,ak
34.7861,14.2138,10,4.1,mb,us6000jj2f,us
37.5881,141.6819,45.602,4.8,mwr,us6000jj1u,us
19.26916695,-155.4111633,32.86999893,2.5,ml,hv73312127,hv
18.86466667,-65.3465,11.06,3.18,md,pr71394323,pr
27.9123,139.453,507.551,4.6,mb,us6000jj1l,us
31.68213056,-104.394701,6.131567383,2.6,ml,tx2023brpj,tx
34.8994,14.3274,10,5.3,mww,us6000jj05,us
3.1707,127.0414,28.893,5.3,mb,us6000jj00,us
31.66936265,-104.378976,6.131567383,2.8,ml,tx2023brot,tx
2.9579,127.2868,40.251,4.5,mb,us6000jizz,us
31.6676906,-104.3889197,7.391259766,2.7,ml,tx2023brok,tx
31.67159174,-104.3897618,6.131567383,3.5,ml,tx2023brob,tx
2.999,127.0786,52.052,4.4,mb,us6000jizd,us
-21.6237,-68.4797,121.452,4.5,mb,us6000jiz1,us
-26.7346,-63.118,596.117,6.4,mww,us6000jiyj,us
40.4476667,-124.0195,23.54,2.69,md,nc73836746,nc
19.17499924,-155.4996643,34.25,2.47,ml,hv73311792,hv
3.5382,128.5469,10,5.2,mww,us6000jiy0,us
50.0876,142.5264,10,4.5,mb,us6000jixw,us
60.2295,-151.613,60.1,2.6,ml,ak02313y09hm,ak
60.815,-151.6609,71.9,2.6,ml,ak02313wyr96,ak
3.0692,126.9846,35,4.9,mb,us6000jiwc,us
60.9904,-150.9893,11.7,3.3,ml,ak02313woh1x,ak
19.2801,-64.39,36,3.82,md,pr2023024000,pr
19.0253334,-155.4049988,32.31000137,2.56,ml,hv73311597,hv
2.8233,127.0129,35,4.5,mb,us6000jiw4,us
52.532,160.2688,35,4.4,mb,us6000jiw2,us
-21.3068,-68.3886,118.147,4.6,mwr,us6000jivz,us
18.25716667,-67.40433333,13.4,3.06,md,pr71394233,pr
2.8408,127.2582,35,4.7,mb,us6000jivy,us
19.03483391,-155.414505,35.29000092,3.15,ml,hv73311482,hv
19.05433273,-155.409668,34.74000168,2.68,ml,hv73311477,hv
17.968,-65.35033333,33.79,2.74,md,pr71394218,pr
29.5974,81.6522,25.227,5.6,mb,us6000jivm,us
58.7763,-153.1704,62.9,3.1,ml,ak02313twszm,ak
17.927,-66.856,13.33,2.47,md,pr71394208,pr
19.05266762,-155.4071655,34.72000122,2.63,ml,hv73311422,hv
60.8036,-144.8644,38.3,2.9,ml,ak02313snd2a,ak
-22.1207,-175.4364,43.479,4.7,mb,us6000jiv5,us
37.2088,-97.8154,5,2.6,mb_lg,us6000jiv0,us
2.8173,126.9755,53.755,4.5,mb,us6000jiuy,us
19.04116631,-155.4158325,31.39999962,2.81,ml,hv73311287,hv
60.2015,-150.9461,55.6,3,ml,ak02313s004b,ak
19.33099937,-155.5025024,2.839999914,2.56,ml,hv73311277,hv
2.657,126.8553,49.8,4.3,mb,us6000jiut,us
2.873,126.9762,48.303,4.5,mb,us6000jiuq,us
42.0325,-124.457,-0.43,2.65,ml,uw61894547,uw
2.7674,127.1561,35,4.5,mb,us6000jiui,us
-20.6561,-177.6509,382.398,4.4,mb,us6000jiuj,us
2.8152,127.0691,35,4.9,mb,us6000jiud,us
2.9666,127.1382,35,4.5,mb,us6000jiua,us
2.9174,127.1702,35,4.6,mb,us6000jiu4,us
2.949,127.1119,35,5.4,mb,us6000jitx,us
2.8291,126.8647,35,4.7,mb,us6000jitw,us
42.03933333,-124.3936667,6.47,2.65,ml,uw61894537,uw
2.8162,126.9434,35,5.8,mww,us6000jitq,us
45.8392,143.2519,332.997,4.1,mb,us6000jitp,us
2.7647,126.9115,19.977,5.1,mww,us6000jiti,us
18.29833333,-65.74066667,127.66,3.36,md,pr71394148,pr
43.3128,-127.2549,10,3,ml,us6000jit7,us
-5.4748,104.3869,81.614,4.5,mb,us6000jit5,us
-30.5569,-71.8736,26.391,3.9,mwr,us6000jisz,us
-22.6311,-66.3455,256.607,4.2,mb,us6000jisy,us
-18.3802,-177.8302,567.066,4.4,mb,us6000jit2,us
69.5383,-144.7274,1.9,4,ml,ak02312e4ly8,ak
20.29383333,-156.6108333,4.54,2.51,md,hv73311012,hv
2.8806,127.0996,11.958,5.5,mb,us6000jirz,us
19.03549957,-155.412674,32.38000107,2.57,ml,hv73310947,hv
18.84816667,-64.62883333,11.03,3.18,md,pr71394133,pr
2.7517,126.938,35.081,5,mb,us7000j6e6,us
2.7595,127.0544,49.772,4.6,mb,us7000j6cn,us
-5.512,147.1636,199.263,4.6,mb,us7000j6ci,us
2.9642,127.0078,57.251,4.5,mb,us7000j6cd,us
3.0087,127.0747,35,4.7,mb,us7000j6cb,us
37.1093333,-121.5168333,5.65,3.62,ml,nc73836266,nc
24.8127,93.0266,10,5.1,mb,us7000j6c8,us
-6.9082,126.6054,452.334,4.4,mb,us7000j6c7,us
18.857,-65.001,14.35,3,md,pr71394128,pr
35.0331,14.1929,10,5.1,mww,us7000j6bz,us
-23.3485,-179.5499,565.089,4.6,mb,us7000j6by,us
63.1496,-150.8705,132.5,3,ml,ak023127d17g,ak
57.7218,-153.1781,52.7,3,ml,ak0231266o9d,ak
-23.0448,171.6843,10,4.9,mb,us7000j6bp,us
18.007,-67.1566,7,3.52,md,pr2023023004,pr
19.2256,-65.8093,122,3.91,md,pr2023023003,pr
19.5396,-65.7353,107,3.93,md,pr2023023001,pr
19.4815,-65.78,82,3.95,md,pr2023023002,pr
24.1828,125.3303,28.301,4.2,mwr,us7000j6b4,us
17.8768,-66.8725,11,3.6,md,pr2023023000,pr
-57.6946,-23.6704,10,5.1,mb,us7000j6aw,us
23.5127,142.916,40.884,5.2,mb,us7000j6at,us
57.4307,-154.9686,51.1,2.9,ml,ak023122tcv7,ak
2.8162,127.2403,49.437,4.6,mb,us7000j6aq,us
40.4136667,-124.6001667,16.97,2.46,md,nc73836101,nc
17.9555,-66.98566667,7.56,2.95,md,pr71394028,pr
17.9585,-66.98933333,8.18,2.57,md,pr71394018,pr
6.6759,126.7806,121.003,4.7,mb,us7000j6ab,us
17.9575,-66.87783333,18.13,2.53,md,pr71394003,pr
-38.0325,176.3596,208.954,4.3,mb,us7000j6a6,us
14.0872,-91.3552,69.093,4.6,mb,us7000j6a4,us
38.5957,99.0242,11.667,4.1,mb,us7000j6a5,us
40.522,-124.4258333,17.94,2.87,md,nc73836031,nc
36.5956,70.8713,213.86,4.4,mb,us7000j6a0,us
13.019,-90.9649,10,4.4,mb,us7000j69y,us
-7.1661,155.9732,117.158,5,mb,us7000j69w,us
68.0847,-153.2298,11.111,2.6,ml,us7000j69u,us
38.7456,-97.028,5,2.8,mb_lg,us7000j69t,us
17.965,-66.8715,16.51,2.85,md,pr71393978,pr
18.095,-67.02,20.76,2.67,md,pr71393963,pr
-19.1467,-177.285,390.161,4.6,mb,us7000j69j,us
18.09816667,-67.0365,21.75,2.73,md,pr71393948,pr
2.8805,127.1184,35,4.5,mb,us7000j69f,us
2.742,127.0444,35,4.7,mb,us7000j69g,us
-7.3974,128.475,162.532,4.6,mb,us7000j692,us
40.3401667,-124.8648333,8.49,2.65,md,nc73835936,nc
18.95383333,-65.06866667,101.1,3.39,md,pr71393933,pr
31.61302295,-103.9802503,8.329602051,3,ml,tx2023bnpw,tx
18.1068,-67.0268,18,3.93,md,pr2023022001,pr
18.82633333,-65.53733333,143.72,3.43,md,pr71393873,pr
19.6721,-65.7734,15.051,2.8,ml,us7000j68e,us
32.23114014,-103.0882003,14.69730632,2.7,ml,tx2023bnec,tx
63.5757,-149.8644,122.3,2.6,ml,ak02310js80y,ak
-2.6107,140.6554,29.072,4.7,mb,us7000j67f,us
36.365,-89.49,7.39,2.66,md,nm60507521,nm
17.9505,-66.95866667,9.56,2.59,md,pr71393833,pr
-3.6832,144.1303,10,4.5,mb,us7000j673,us
19.05716705,-155.4221649,35.77000046,3.12,ml,hv73309987,hv
18.015,-66.892,10.31,2.53,md,pr71393828,pr
2.7282,127.0041,61.864,4.6,mb,us7000j66q,us
-6.5137,129.4549,214.845,4.9,mb,us7000j66k,us
-15.2559,-75.6919,23.472,4.5,mb,us7000j66j,us
-2.8853,127.7646,41.986,4.6,mb,us7000j66h,us
31.61560975,-103.9970738,8.908032227,2.8,ml,tx2023bmtf,tx
17.9775,-66.83816667,16.48,2.61,md,pr71393823,pr
38.8604,22.9215,10.051,4.6,mb,us7000j667,us
53.3381,-169.311,130.449,4.8,mb,us7000j65z,us
-21.0091,-173.7549,10,5,mb,us7000j65p,us
2.8146,127.0272,47.016,4.4,mb,us7000j65t,us
19.0683,-64.736,15,4.09,md,pr2023022000,pr
36.10466667,-97.837,6.78,2.5,ml,ok2023bmls,ok
40.3412,-127.7028,10,2.9,ml,us7000j65i,us
58.7598,-137.4467,10,3,ml,us7000j65e,us
1.9718,98.9862,137.876,4.2,mb,us7000j65h,us
39.7531667,-124.0403333,3.13,2.52,md,nc73835521,nc
17.86783333,-67.00933333,11.81,2.55,md,pr71393758,pr
6.9056,126.6926,143.798,4.5,mb,us7000j64y,us
57.3688,-33.423,10,5.3,mww,us7000j64n,us
-48.9243,-8.375,10,4.9,mb,us7000j64j,us
-15.1354,-72.0068,122.588,4.3,mb,us7000j64i,us
60.2602,-150.9304,61.2,2.5,ml,ak023z305vq,ak
31.60928415,-103.9636918,8.548120117,3.1,ml,tx2023bmcf,tx
2.7891,127.0311,41.244,5.1,mww,us7000j646,us
57.4012,-33.376,10,5.7,mww,us7000j644,us
4.5702,95.0354,56.006,4.5,mb,us7000j63x,us
57.4518,-33.4184,10,4.8,mb,us7000j640,us
57.4657,-33.3833,10,5.2,mww,us7000j63w,us
15.6225,-96.1666,21.558,4.3,mb,us7000j656,us
62.8845,-151.052,107.3,2.5,ml,ak023z19rx5,ak
-12.1992,109.1515,10,4,mb,us7000j63p,us
5.0407,-82.6392,10,4.5,mb,us7000j63m,us
19.5368,-65.7323,38,3.74,md,pr2023021005,pr
17.55666667,-67.72233333,20.43,3.21,md,pr71393678,pr
-27.3604,-176.5961,10,4.8,mb,us6000jjqp,us
-2.1527,102.1545,202.953,4.4,mb,us7000j636,us
51.1198,-179.2178,35,4,mb,us7000j63n,us
53.4144,-163.6821,47.087,3.8,ml,us7000j634,us
3.0787,126.8169,57.422,4.4,mb,us7000j632,us
18.98766708,-155.4071655,37.25999832,2.58,ml,hv73309337,hv
5.984,125.7852,80.12,4.5,mb,us7000j631,us
58.2581,-155.1717,0,2.5,ml,ak023yyv0ux,ak
-21.599,-68.4633,144.798,4.1,ml,us7000j62w,us
32.40875244,-102.110685,9.170532227,2.5,ml,tx2023blqw,tx
-17.6822,-178.3412,567.286,4.4,mb,us6000jjql,us
60.2456,-152.1258,90.4,3.2,ml,ak023yy9rs2,ak
34.6894,36.4205,10,4.3,mb,us7000j62n,us
-4.4634,132.8145,10,4.6,mb,us7000j62m,us
18.3,145.9099,152.773,4.8,mb,us7000j62k,us
60.847,-152.3511,105.7,2.6,ml,ak023yxplwu,ak
60.4838,-141.4008,15.1,2.8,ml,ak023yxplfr,ak
31.72345748,-104.5313414,5.977319336,2.5,ml,tx2023blmu,tx
9.4596,126.1881,83.269,4.4,mb,us7000j62b,us
62.6127,-152.1539,0.1,2.6,ml,ak023yx2hw9,ak
37.2122,141.5403,50.582,4.3,mb,us7000j623,us
60.0205,-152.5031,91.9,3,ml,ak023ywubrv,ak
17.94633333,-67.01816667,7.94,2.63,md,pr71393653,pr
19.27283333,-64.83783333,24.74,3.31,md,pr71393643,pr
63.2956,-149.7613,107.5,2.7,ml,ak023yw8n23,ak
2.7991,127.097,48.918,4.5,mb,us7000j61s,us
60.2488,-152.8033,107.2,2.5,ml,ak023yv8nxl,ak
18.00016667,-66.80883333,14.87,2.59,md,pr71393633,pr
19.30783333,-64.74816667,42.81,3.35,md,pr71393613,pr
3.9573,-32.2273,10,4.9,mb,us7000j61d,us
59.7054,-153.1452,113.5,2.5,ml,ak023yuqijg,ak
58.1381,-152.7319,47.5,2.7,ml,ak023yuopmr,ak
19.02516667,-65.05116667,22.1,3.17,md,pr71393588,pr
19.06216667,-64.8555,38.73,3.18,md,pr71393578,pr
-21.1028,-68.5557,150.93,4.1,mb,us7000j612,us
2.8567,127.0676,35,4.7,mb,us7000j610,us
31.66382044,-104.3832334,7.10847168,2.5,ml,tx2023blaf,tx
19.25333333,-64.85016667,34.83,3.19,md,pr71393548,pr
-57.3216,-25.6375,35,5,mb,us7000j60t,us
19.2806,-64.84,49,3.77,md,pr2023021002,pr
19.3221,-64.8171,30,3.79,md,pr2023021003,pr
19.28583333,-64.848,26.48,3.39,md,pr71393503,pr
53.4636,-163.6677,26.3,3.5,ml,ak023ytcsbg,ak
19.2971,-64.8208,49,3.87,md,pr2023021004,pr
19.27266667,-64.8555,44.24,3.24,md,pr71393483,pr
19.3256,-64.8465,33,3.88,md,pr2023021001,pr
19.3615,-64.852,20.84,3.42,md,pr71393458,pr
19.25300026,-155.3853302,31.13999939,2.55,ml,hv73308912,hv
19.29833333,-64.8355,44.29,3.37,md,pr71393453,pr
53.3002,-163.5332,23.807,4.6,mb,us7000j606,us
19.3403,-64.8281,34,3.69,md,pr2023021000,pr
-18.2573,-70.8206,40.232,4.3,mwr,us7000j605,us
2.7788,127.0784,47.107,5.1,mb,us7000j603,us
19.54533333,-65.70416667,86.69,3.19,md,pr71393433,pr
19.32833333,-64.83666667,35.07,3.2,md,pr71393423,pr
19.31283333,-64.885,24.61,3.32,md,pr71393418,pr
38.8075,-122.786,0.99,2.55,md,nc73834921,nc
38.8208333,-122.788,0.9,3.06,ml,nc73834926,nc
3.2299,96.1937,47.098,4.5,mb,us7000j5zt,us
-21.4284,-66.718,245.948,4,mb,us7000j5zk,us
2.4765,126.7826,43.449,4.6,mb,us7000j5zi,us
37.379,-122.2308333,7.71,2.66,md,nc71129769,nc
37.3781667,-122.2253333,7.25,2.53,md,nc73834856,nc
19.5,-65.744,116,4.01,md,pr2023020000,pr
-19.9412,-68.9363,121.466,4.5,mb,us7000j5xr,us
-26.7209,-63.0394,610.671,6.8,mww,us7000j5x2,us
18.087,-66.90566667,18.41,2.47,md,pr71393348,pr
-3.9681,34.3621,10,4.6,mb,us7000j5wu,us
18.8245,-67.2945,29.7,2.88,md,pr71393333,pr
37.7696,141.5306,69.558,4.5,mb,us7000j5vu,us
-5.2778,101.8249,25.488,4.5,mb,us7000j5vt,us
2.8019,127.0115,22.687,5,mb,us7000j5vr,us
44.943,148.0752,10.628,4.1,mb,us6000jjpe,us
52.2302,-170.4085,25.6,3.6,ml,ak023xat8ng,ak
-28.144,-176.2771,10,5.4,mww,us7000j5sy,us
18.80683333,-66.812,14,3.24,md,pr71393318,pr
16.131,-62.1564,166.372,6.2,mww,us7000j5sc,us
18.3835,-67.40033333,14.11,3.11,md,pr71393298,pr
3.005,127.1757,35,4.7,mb,us7000j5s7,us
19.2095,-155.4018333,31.94,3.03,ml,hv73308437,hv
3.5756,128.5755,9.826,4.9,mb,us7000j5qh,us
41.128,-123.8753333,25.27,4.26,mw,nc73834441,nc
36.484,-120.6923333,10.28,3.02,ml,nc73834401,nc
37.3741667,-122.2261667,7.28,2.88,md,nc73834386,nc
18.02433333,-66.76866667,14.53,2.46,md,pr71393288,pr
18.0185,-67.26383333,34.74,2.92,md,pr71393278,pr
38.9264,142.0923,48.794,5,mb,us7000j5pu,us
36.0863,31.6512,87.259,4.2,mb,us7000j5ps,us
-56.4321,158.7822,10,4.7,mb,us7000j5pn,us
39.0628,70.7087,14.558,4.7,mb,us7000j5pg,us
-7.4437,122.9267,539.902,4.4,mb,us7000j5pe,us
59.6726,-152.1165,63.2,2.7,ml,ak023x4rman,ak
19.63583333,-65.87233333,46.57,3.4,md,pr71393268,pr
-15.4484,-172.8284,10,4.9,mb,us7000j5p0,us
59.7879,-150.2718,16.9,2.5,ml,ak023x47itq,ak
62.1494,-152.086,103.5,2.6,ml,ak023x40ltz,ak
35.4849,80.3517,10,4.2,mb,us7000j5nn,us
38.7511667,-123.0948333,6.28,3.59,mw,nc73834231,nc
11.9085,-87.7477,37.368,4.2,mb,us7000j5ni,us
18.9455,-66.43116667,20.19,2.9,md,pr71393253,pr
32.6949,23.4225,10,4,mb,us7000j5ne,us
2.7335,127.0413,61.757,4.3,mb,us7000j5mh,us
6.8247,123.6366,599.231,4.2,mb,us7000j5md,us
56.1896,-149.3174,15.172,3.4,ml,us7000j5m5,us
56.2551,-149.7959,10,3.9,ml,us7000j5lv,us
2.7461,127.0847,56.648,4.7,mb,us7000j5ls,us
41.1286667,-123.8765,26.26,3.66,mw,nc73834131,nc
36.8016667,-121.5186667,4.17,2.47,md,nc73834106,nc
36.8073333,-121.532,4.17,3.16,ml,nc73834081,nc
2.6331,126.8351,65.929,4.5,mb,us7000j5kz,us
13.841,-89.9523,7.141,4.1,mb,us7000j5kw,us
-21.4084,-174.196,10,5,mb,us7000j5km,us
2.6654,126.9787,63.606,4.8,mb,us7000j5kl,us
1.146,-85.258,39.223,4.8,mb,us7000j5kj,us
36.8096667,-121.531,5.32,3.56,mw,nc73834041,nc
-35.6972,-103.8494,10,4.8,mb,us7000j5ke,us
-17.342,-178.9889,553.014,4.5,mb,us7000j5jy,us
52.8083,152.9293,499.292,4.4,mb,us7000j5im,us
17.9455,-65.62116667,16.73,2.46,md,pr71393243,pr
19.6516,-65.7675,10,3.71,md,pr2023019000,pr
4.397,126.8701,47.934,4.4,mb,us7000j5ig,us
36.382,-97.6435,7.83,3.03,ml,ok2023bhzl,ok
35.8578333,-117.6995,8.5,3.35,ml,ci40403984,ci
13.7446,145.0964,120.896,5,mb,us7000j5hv,us
2.9275,127.049,53.443,4.8,mb,us7000j5ht,us
2.7597,127.0019,48.669,4.7,mb,us7000j5hq,us
41.317,142.5669,37.201,4.4,mb,us7000j5hp,us
19.2495,-155.4103333,32.84,2.82,ml,hv73307587,hv
-6.2454,125.3943,546.03,4.9,mb,us7000j5hm,us
53.5331,-163.6261,25.299,4.8,mb,us7000j5hk,us
35.5411,71.4241,96.044,5.1,mww,us7000j5hh,us
6.0677,125.6309,133.144,4.7,mb,us7000j5fu,us
53.5309,-163.6453,36.776,4.2,mb,us7000j5fr,us
2.8532,127.0514,48.192,4.5,mb,us7000j5fm,us
2.7518,127.0542,55.874,4.5,mb,us7000j5fk,us
53.4435,-163.5938,24.357,4.2,mb,us7000j5fb,us
-24.1063,-66.7243,202.01,4.6,mb,us7000j5f1,us
38.613,44.7799,10,4.2,mb,us7000j5f2,us
2.7042,127.0452,35,4.5,mb,us6000jjgz,us
-12.1655,166.7599,192.329,4.5,mb,us6000jjgw,us
-64.4289,174.8642,10,4.6,mb,us6000jjgx,us
-6.6529,104.1805,35,4.4,mb,us6000jjgv,us
-11.208,166.3807,10,4.5,mb,us6000jjh5,us
33.7326,137.2728,14.259,4.5,mb,us7000j5ep,us
17.318,-83.9092,33.145,4.2,mb,us6000jjgu,us
2.9459,127.2927,35,4.2,mb,us6000jjh4,us
39.4825,25.8279,10,4.3,mwr,us7000j5e7,us
19.8775,120.5851,10,4.3,mb,us6000jjgt,us
25.937,143.0309,10,4.6,mb,us7000j5e6,us
2.801,127.2439,35,4.4,mb,us6000jjgs,us
12.1382,94.4587,10,4.5,mb,us6000jjgr,us
19.47433333,-67.22083333,20.2,3.43,md,pr71393183,pr
44.2608,-116.217,8.532,2.6,ml,us7000j5dm,us
44.2853,-116.194,17.284,2.6,ml,us7000j5dk,us
18.3773,-68.8271,151,4.42,md,pr2023018000,pr
-0.8678,133.6173,35.541,4.4,mb,us7000j5cr,us
2.7796,126.9699,43.006,4.6,mb,us7000j5c1,us
31.63476374,-104.3991199,6.080151367,2.6,ml,tx2023bgqy,tx
-17.0224,175.5503,10,4.8,mb,us7000j5bm,us
2.7058,126.8415,49.823,4.8,mb,us7000j5bk,us
-21.6883,170.4121,157.305,4.7,mb,us7000j5bj,us
-17.4728,-174.6542,227.978,4.5,mb,us7000j5ba,us
2.7122,126.963,54.611,4.6,mb,us7000j5aw,us
38.2879,21.8309,10,4.2,mb,us7000j5al,us
62.2092,-123.921,7.001,4.1,mb,us7000j5aj,us
-24.1049,-179.5264,505.884,4.5,mb,us6000jjf6,us
2.6911,126.8984,46.469,4.6,mb,us7000j5ak,us
-30.3249,-177.3951,10,4.7,mb,us7000j5ah,us
-16.175,-176.0418,374.169,4.3,mb,us6000jjev,us
34.9433,14.1934,10,4.7,mb,us7000j59w,us
-11.1287,111.6908,10,5.1,mww,us7000j59q,us
-11.1071,111.7867,10,5,mb,us7000j59m,us
2.7327,126.9768,52.938,4.9,mb,us7000j59l,us
34.8698,14.3276,10,5.1,mww,us7000j59j,us
2.9006,127.2076,35,4.9,mb,us7000j59h,us
38.4062,45.0078,10,4.4,mb,us7000j59a,us
2.7626,127.0525,56.609,4.6,mb,us7000j57n,us
34.9792,14.2769,10,4.6,mb,us7000j5a4,us
2.756,127.0702,47.346,4.5,mb,us7000j57p,us
2.7773,126.9797,50.613,4.7,mb,us7000j57i,us
2.6223,126.9865,48.533,4.3,mb,us7000j57g,us
-13.3931,66.8185,10,5,mb,us7000j579,us
38.4726,44.8342,17.719,4.4,mb,us7000j574,us
38.4114,44.9348,10,5.8,mww,us7000j56z,us
2.6799,126.9773,71.166,4.6,mb,us7000j56y,us
19.04483333,-155.4251667,36.17,2.58,ml,hv73306517,hv
2.6819,127.135,50.817,5.5,mb,us7000j56g,us
-30.3889,-71.9674,27.633,4.5,mb,us7000j56e,us
35.3228333,-118.5685,3.77,2.79,ml,ci40403560,ci
2.8548,127.2667,48.792,4.6,mb,us7000j56f,us
2.7616,127.0111,35,4.8,mb,us7000j566,us
63.0486,-148.7177,55.1,2.6,ml,ak023tvfc45,ak
2.8271,127.0886,35,5,mb,us7000j5dp,us
2.7347,127.0598,28.566,7,mwc,us7000j553,us
17.97216667,-66.83816667,16.93,2.73,md,pr71393123,pr
18.08416667,-66.17966667,14.26,3.13,md,pr71393113,pr
14.2601,123.0134,10,4.6,mb,us7000j54t,us
24.7915,124.8538,54.834,4.8,mb,us7000j54p,us
34.9044,14.2658,10,5,mb,us7000j54l,us
-1.4513,-15.3787,10,4.6,mb,us6000jjdr,us
-0.2132,97.5504,10,4.3,mb,us6000jjdq,us
17.93666667,-66.904,13.78,2.85,md,pr71393103,pr
-13.1094,166.6574,35,4.9,mb,us6000jjdp,us
61.6271,-149.6415,20,2.6,ml,ak023ttqgj5,ak
36.52633333,-98.6065,6.31,2.49,ml,ok2023bfiv,ok
24.7752,125.4156,35,4.6,mb,us7000j54d,us
14.3601,-91.2682,121.397,4.2,mb,us7000j543,us
29.6417,101.7166,35,4.5,mb,us6000jjdw,us
31.62533387,-104.4003803,7.596923828,2.6,ml,tx2023bffi,tx
11.5055,95.1941,10,4.4,mb,us6000jjdm,us
52.324,-169.97,35,3.5,ml,us6000jjdn,us
14.2853,123.2696,10,4.6,mb,us7000j52g,us
-0.0007,123.1832,152.529,6,mww,us7000j511,us
12.9545,-88.9654,61.827,4.1,mb,us7000j510,us
36.10516667,-97.8355,7.46,2.63,ml,ok2023bfcd,ok
0.3371,122.3181,124.933,4.3,mb,us7000j50a,us
6.2754,126.0942,137.129,4.5,mb,us7000j509,us
-9.0914,148.075,9.858,5.1,mb,us7000j502,us
-17.7445,-171.1648,14.633,5,mb,us7000j4z6,us
34.9131,14.2475,10.189,4.2,mb,us7000j4yv,us
-25.7741,-69.0241,123.977,4.3,mb,us7000j4yj,us
-16.6678,-73.7684,47.886,4.3,mb,us7000j4yg,us
14.3416,122.9821,10,4.6,mb,us7000j4z5,us
59.744,-153.1116,106.5,2.7,ml,ak023sf0ptj,ak
-24.614,-70.0847,60.489,4.4,mb,us7000j4y9,us
36.5129,52.8992,10,4.5,mb,us7000j4y6,us
42.1404,-29.2623,9.983,5.1,mww,us7000j4y5,us
-7.9938,-74.5533,157.862,4.4,mb,us7000j4x4,us
42.6698,-111.7963,5,2.9,ml,us7000j4x3,us
-8.3792,120.4573,10,4.6,mb,us7000j4ww,us
18.252,-66.38216667,32.26,2.62,md,pr71393063,pr
18.76366667,-65.11116667,17.16,2.67,md,pr71393058,pr
30.1983,130.9092,34.299,4.3,mb,us6000jj7f,us
51.2543,178.6883,28.332,4.2,mb,us7000j4vm,us
30.0275,131.0692,29.325,4.6,mb,us7000j4vk,us
-38.2009,-74.0126,21.649,4.4,mb,us7000j4vf,us
17.98083333,-66.9115,13.76,2.59,md,pr71393043,pr
60.0897,-153.3674,153.3,2.5,ml,ak023sasjvo,ak
60.1071,-153.4663,175.3,2.5,ml,ak023saaswd,ak
-8.1443,-71.3375,635.507,4.3,mb,us7000j4v4,us
18.0075,-66.76516667,14.1,2.56,md,pr71393028,pr
-2.9361,140.0085,35,4.2,mb,us7000j4v3,us
-35.0251,-106.9762,10,4.9,mb,us7000j4v2,us
-15.3297,-172.8909,10,4.9,mb,us7000j4v1,us
19.0155,-67.84716667,4.89,3.25,md,pr71393038,pr
40.4,-125.1436667,10,2.8,md,nc73833076,nc
17.96116667,-66.919,14.78,2.45,md,pr71393018,pr
17.8565,-67.24133333,17.87,2.48,md,pr71393013,pr
44.0344,142.3295,14.888,4.4,mb,us7000j4ug,us
82.0006,-5.0037,10,4.9,mb,us7000j4u9,us
-1.8101,99.6227,35,4.3,mb,us6000jj6z,us
58.13,-137.5048,16.8,4.4,ml,ak023s6syd5,ak
-9.0557,112.5281,64.982,5,mb,us7000j4u0,us
-28.2104,-178.2388,215.956,4,mb,us6000jj74,us
18.63466667,-65.2125,81.52,3.37,md,pr71392998,pr
-5.0593,127.8237,329.509,4.3,mb,us6000jj78,us
29.5708,141.0473,109.32,4.6,mb,us7000j4tp,us
-3.8968,128.4524,130.784,4.8,mb,us7000j4ti,us
40.4013333,-124.1363333,23.93,2.64,md,nc73832996,nc
-40.662,44.9473,10,4.4,mb,us6000jj73,us
-18.0535,168.2098,10,4.6,mb,us7000j4t1,us
18.94016667,-65.07733333,20.28,3.32,md,pr71392973,pr
19.25033333,-155.3985,32.43,2.67,ml,hv73305377,hv
40.504,-124.4266667,17.62,2.65,md,nc73832961,nc
14.4102,122.9956,10,5.2,mww,us7000j4sk,us
-10.9927,166.1624,11.316,4.8,mb,us7000j4sf,us
-6.9885,129.4188,138.936,4.3,mb,us6000jj5b,us
-15.4864,-70.3849,215.161,4.6,mb,us7000j4s5,us
23.5913,92.4156,10,4.1,mb,us7000j4s0,us
18.283,-68.9065,114,4.1,md,pr2023016000,pr
-14.773,167.3973,130.921,4.3,mb,us6000jj52,us
18.99033333,-64.98266667,20.16,2.97,md,pr71392928,pr
41.4606,20.0582,9.425,4.3,mb,us7000j4rc,us
61.7193,-149.5721,25.4,4.6,ml,ak023qqz70l,ak
60.9132,-147.3225,31.4,2.6,ml,ak023qqu9l4,ak
-3.1282,136.5175,35,4.4,mb,us7000j4q6,us
51.7982,178.258,113.132,4.1,mb,us6000jj51,us
-41.535,-85.2349,10,4.6,mb,us6000jj56,us
18.0285,-66.99466667,7.91,2.65,md,pr71392908,pr
-0.8968,146.8626,10,4.5,mb,us6000jj50,us
18.90116667,-65.6195,109.1,3.4,md,pr71392898,pr
-24.4747,-67.0711,168.322,4.9,mww,us7000j4pm,us
23.9367,122.3511,24.153,4.3,mwr,us7000j4pd,us
23.9304,122.428,26.588,4,mb,us6000jj4u,us
-3.1103,142.0154,31.681,4.3,mb,us6000jj4t,us
-8.9708,115.5095,101.182,4.3,mb,us6000jj4s,us
43.278,144.4079,132.925,4.3,mb,us7000j4p4,us
35.7022,80.2482,10,4.3,mb,us7000j4p0,us
14.0422,-89.8553,10,4,mb,us7000j4ny,us
35.7622,80.0515,10,4.2,mb,us7000j4nw,us
52.0098,-173.3985,68,3.7,ml,ak023qn7j4c,ak
-41.6122,-88.4064,10,4.9,mb,us7000j4np,us
30.5523,138.4329,409.369,4.2,mb,us7000j4nl,us
62.9836,-150.3743,98.3,2.6,ml,ak023qm5z4m,ak
-21.8061,-68.5563,80.783,5,mb,us7000j4na,us
38.1396,-117.9805,11.6,2.5,ml,nn00854906,nn
-32.578,-71.6813,35,4.3,mwr,us7000j4n5,us
13.1713,-89.5353,64.735,4.3,mb,us7000j4mz,us
-14.7458,166.8888,11.805,4.9,mb,us7000j4n4,us
64.0929,-152.0002,20.1,2.5,ml,ak023qkrwpr,ak
28.9867,139.3614,405,6.3,mww,us7000j4mj,us
14.1077,-89.8307,7.797,5,mww,us7000j4mi,us
56.6409,-156.1193,48.7,2.6,ml,ak023qj3oyq,ak
-7.902,128.4287,63.912,4.3,mb,us7000j4md,us
37.5238333,-118.7866667,5.85,2.63,md,nc73832651,nc
39.5778333,-111.4533333,9.58,2.6,ml,uu60529782,uu
39.578,-111.4526667,9,2.7,ml,uu60529777,uu
52.2692,-169.8221,10.5,3.6,ml,ak023qhtiwp,ak
14.1329,-89.7929,4.785,4.5,mb,us7000j4ly,us
17.9,-66.8225,6.87,2.68,md,pr71392848,pr
18.83766667,-64.99616667,21.31,3.41,md,pr71392843,pr
53.362,-165.2123,35,3,ml,us7000j4lq,us
-0.1511,-24.8509,10,4.5,mb,us6000jixd,us
18.7498,-68.3301,67,3.73,md,pr2023015002,pr
14.0219,-89.7986,10,5.2,mww,us7000j4ld,us
37.2951667,-120.028,16.43,3.38,ml,nc73832526,nc
2.0042,98.0141,37,6.2,mww,us7000j4kr,us
-6.9435,129.8684,99.525,4.5,mb,us7000j4kq,us
28.1219,104.9123,35.52,4.1,mb,us6000jixf,us
41.5072,19.9862,10,4.1,mb,us7000j4kl,us
41.4531,19.9981,16.048,4.9,mb,us7000j4kh,us
32.00720848,-103.8163168,7.674047852,3.3,ml,tx2023bbdb,tx
-54.1684,140.4939,10,4.7,mb,us6000jix7,us
-5.508,152.2043,38.905,4.3,mb,us6000jix8,us
-23.788,-179.7079,519.284,4.4,mb,us6000jix3,us
31.73814331,-104.2486783,8.085375977,2.5,ml,tx2023bazj,tx
0.7556,-77.3987,9.7,4.3,mb,us7000j4jw,us
19.048,-67.3623,43,3.45,md,pr2023015001,pr
-23.8534,-111.8992,10,4.7,mb,us6000jix2,us
-5.4286,146.9684,214.358,4.2,mb,us6000jix1,us
-17.7086,179.9179,617.888,4.5,mb,us7000j4js,us
-22.8221,179.1971,582.579,5,mb,us7000j4jq,us
57.5615,-153.1782,61,3.3,ml,ak023p2xd4w,ak
41.1779,142.3193,56.912,4.9,mb,us7000j4jn,us
1.504,127.2611,138.509,4.9,mb,us7000j4jj,us
31.73307935,-104.2502568,7.005639648,2.5,ml,tx2023bard,tx
38.4004,75.2518,140.89,4.2,mb,us7000j4j3,us
47.3884,153.1104,65.425,4.7,mb,us7000j4ix,us
11.4334,124.6663,10,4.8,mb,us7000j4it,us
20.25583333,-155.5881667,31.77,2.68,ml,hv73304227,hv
-14.9531,166.8895,29.099,5.6,mww,us7000j4ij,us
25.036,125.8199,42.637,5,mww,us7000j4if,us
36.0741667,-117.8838333,4.66,2.48,ml,ci40402808,ci
-8.7175,-74.3836,165.819,4.5,mb,us7000j4ib,us
36.0906667,-121.726,17.8,2.45,md,nc73832206,nc
61.6343,-151.8413,101.6,3,ml,ak023oygxu7,ak
18.68733333,-67.0185,53.5,2.91,md,pr71392778,pr
-11.347,166.4131,156.506,4.7,mb,us7000j4hl,us
10.6798,-40.9794,10,4.7,mb,us7000j4hp,us
1.6625,126.619,71.456,4.5,mb,us7000j4hj,us
18.189,-68.3805,82,3.74,md,pr2023015000,pr
19.3853,145.3354,203.295,4.7,mb,us7000j4hd,us
18.14033333,-66.9365,16.79,2.5,md,pr71392753,pr
-15.5396,168.1451,23.602,5.2,mww,us7000j4gz,us
29.9713,139.1868,397.549,5.2,mww,us7000j4gm,us
-17.9034,168.4539,151.267,4.8,mb,us7000j4gk,us
21.9399,96.0213,10,4.3,mb,us6000jiwk,us
38.4173,39.1302,10,4.7,mb,us7000j4gh,us
-6.3735,128.0365,348.532,4.4,mb,us6000jiwi,us
16.1159,-87.062,10,4.5,mb,us7000j4gd,us
-13.4958,168.8074,10,4.6,mb,us6000jiwf,us
31.69059455,-104.2870927,6.954223633,2.7,ml,tx2023aztd,tx
19.24383333,-155.508,8.65,3.28,ml,hv73303932,hv
18.673,-66.20433333,61.29,2.64,md,pr71392738,pr
-13.4851,165.5465,10,4.5,mb,us7000j4fv,us
1.6044,126.746,59.935,4.2,mb,us7000j4fn,us
13.5884,125.3902,10,4.4,mb,us7000j6de,us
-6.2031,106.7071,151.99,4.8,mb,us7000j4fe,us
31.73880063,-104.1118547,7.725463867,2.7,ml,tx2023azhz,tx
53.3396,-164.1066,35,3.1,ml,us7000j4fa,us
0.0894,125.9544,69.584,4.1,mb,us7000j6db,us
55.18,162.8932,10,4.1,mb,us7000j6da,us
-41.0212,42.855,10,4.3,mb,us7000j6dm,us
25.1721,122.5648,179.692,4.3,mb,us7000j4f5,us
3.53,122.8718,543.489,4.2,mb,us7000j6dl,us
-3.8072,101.3371,48.613,4.2,mb,us7000j6d9,us
6.8486,-73.127,148.074,4.5,mb,us7000j4es,us
31.61524355,-103.9685593,6.594311523,2.7,ml,tx2023azcx,tx
19.98,145.7505,90.19,4.9,mb,us7000j4eg,us
-17.8169,-178.449,542.985,4.2,mb,us7000j6df,us
-14.9944,166.7217,10,5.1,mww,us7000j4e1,us
-7.3507,155.7238,10,4.7,mb,us7000j6d5,us
34.5718,23.9149,10,4.2,mb,us7000j4dn,us
-30.9721,-71.8592,47.854,4.4,mb,us7000j4dh,us
19.2295,-155.4378333,32.56,2.66,ml,hv73303467,hv
31.68030272,-104.3930696,7.159887695,2.5,ml,tx2023ayog,tx
53.50033333,-167.6098333,-1,2.7,ml,av91747116,av
32.9847,92.494,10,4.1,mb,us7000j4cw,us
51.0486,100.046,10.122,4.5,mb,us7000j4cq,us
12.4785,-87.7465,60.575,4.4,mb,us7000j4cm,us
-9.1587,123.3533,90.263,4.5,mb,us7000j4cg,us
44.6723,-68.5826,8.501,3.3,mb_lg,us7000j4c9,us
37.262,-114.5891,6.2,2.7,ml,nn00854829,nn
51.3085,177.1744,35,3.4,ml,us7000j4ex,us
-37.3547,30.929,10,4.6,mb,us7000j4bs,us
31.9736,138.1283,364.063,4.2,mb,us7000j4bn,us
-7.3378,128.8142,152.664,4.6,mb,us7000j4bl,us
17.99466667,-66.88333333,12.04,2.52,md,pr71392673,pr
-22.3372,-178.8303,417.937,4.2,mb,us7000j6cr,us
38.5285,-119.5205,5.56,3.2,ml,nc73831751,nc
-23.4386,-179.7264,529.543,4.4,mb,us7000j4b0,us
-5.2261,102.9725,35,5.3,mww,us7000j4a4,us
-6.2641,130.1208,126.498,4.5,mb,us7000j4a2,us
-32.8413,-70.2258,114.379,3.9,mb,us7000j49k,us
-5.806,149.3893,123.458,4.9,mb,us7000j49h,us
18.01566667,-67.1035,14.93,2.46,md,pr71392653,pr
18.054,-68.6671,81,3.75,md,pr2023013000,pr
58.1546,-148.414,35,2.8,ml,ak023lsfpig,ak
-20.7406,-70.337,41.509,4.2,mb,us7000j488,us
18.41983333,-64.89133333,83.86,3.43,md,pr71392598,pr
6.8828,-72.9892,148.824,4.5,mb,us7000j47t,us
-17.1241,-176.7441,10,4.5,mb,us7000j5uw,us
-2.8094,138.4179,46.245,4.8,mb,us7000j47p,us
-14.9138,166.5463,35,4.5,mb,us7000j5ur,us
1.6913,127.3095,120.401,4.3,mb,us7000j46u,us
23.9532,122.3437,24.681,4.9,mb,us7000j46n,us
56.6922,-135.9336,2.8,3.1,ml,ak023lphfk4,ak
-7.0775,130.2772,87.786,4.6,mb,us7000j44s,us
44.3578,79.3094,10,4.4,mb,us7000j44r,us
60.2554,-152.49,85,3.8,ml,ak023lok8f6,ak
50.5516,-174.0569,10,2.9,ml,us7000j48z,us
40.5245,-124.41,18.4,3.5,ml,nc73831546,nc
-58.7004,-25.3079,35,4.9,mb,us7000j43c,us
62.5762,-151.6767,91.5,2.5,ml,ak023lmt858,ak
41.1438333,-123.465,37.72,2.69,ml,nc73831506,nc
6.9196,-73.1465,152.087,4.5,mb,us7000j430,us
64.738,-149.2151,13.6,2.6,ml,ak023lm5tgx,ak
19.20783333,-155.3921667,32.07,2.78,ml,hv73302572,hv
19.205,-155.3973333,30.75,3.43,ml,hv73302552,hv
56.1463,-149.6744,13.968,3,ml,us7000j42l,us
-20.5228,-178.1045,479.867,4.5,mb,us7000j5uf,us
-21.3025,-178.6053,514.553,4.3,mb,us7000j42f,us
-31.5795,-69.2014,31.39,4.5,mb,us7000j420,us
5.028,127.4063,108.618,4.4,mb,us7000j5uc,us
34.6785,25.276,45.386,4.5,mb,us7000j41v,us
84.1027,108.789,10,4.2,mb,us7000j5ub,us
18.7365,-64.6135,46.22,3.41,md,pr71392558,pr
-0.2549,129.6758,10,4.9,mb,us7000j41h,us
56.8589,-135.821,10.2,3.1,ml,ak023likyj3,ak
31.71690389,-104.2668325,7.005639648,2.5,ml,tx2023avzm,tx
-13.9275,166.3627,26.694,5,mb,us7000j41c,us
56.6528,-136.092,15,3.4,ml,ak023li7cjw,ak
2.1578,125.9267,9.376,4.7,mb,us7000j40q,us
-17.5869,-178.8066,557.665,4.3,mb,us7000j40n,us
-23.8183,69.6058,10,4.6,mb,us7000j5u6,us
-18.7323,169.1996,234.706,4.4,mb,us7000j404,us
35.5003,36.6702,10,4.4,mb,us7000j400,us
-23.5786,-179.6793,538.93,4.3,mb,us7000j5u2,us
-2.4883,140.6713,10.179,4.9,mb,us7000j3zy,us
17.9485,-66.806,9.66,2.9,md,pr71392538,pr
-19.9753,-179.0413,653.645,4.2,mb,us7000j5u1,us
2.1699,128.3152,164.234,4.4,mb,us7000j3ys,us
-21.8944,179.6975,597.8,5.5,mww,us7000j3xh,us
-22.3215,-68.8657,112.364,4.1,ml,us7000j3xf,us
18.3923,-68.8998,102,4,md,pr2023012002,pr
54.7009,-156.8112,33.8,2.9,ml,ak023k3eses,ak
54.71,-156.86,10,2.9,ml,us7000j3z0,us
35.5923333,-117.3818333,6.82,2.5,ml,ci40402032,ci
-30.6312,-71.3471,52.784,4.8,mb,us7000j3wu,us
51.2029,-177.4277,45.9,2.6,ml,ak023k2wsap,ak
54.549,-159.7461,15.2,3.1,ml,ak023k2wl6b,ak
-23.3615,-174.8354,10,4.6,mb,us7000j5tt,us
18.2111,-68.5503,121,3.6,md,pr2023012001,pr
-24.3272,179.4489,543.643,4.6,mb,us7000j3wp,us
-31.1674,-176.9682,10,4.6,mb,us7000j5ts,us
-18.4267,-69.4541,145.936,4.8,mb,us7000j3wh,us
-23.2748,-174.7875,10,5.3,mww,us7000j3wd,us
51.158,-177.3947,32.3,2.5,ml,ak023k18eok,ak
31.68535796,-104.3931148,6.131567383,2.6,ml,tx2023auzh,tx
-23.2336,-174.7229,10,5.3,mww,us7000j3v7,us
-5.6298,147.6266,64.333,4.9,mb,us7000j3v4,us
-5.6587,147.5835,75.502,5.1,mb,us7000j3v2,us
-20.9392,-178.6425,624.212,4.4,mb,us7000j3v0,us
18.9486,-64.2588,10,3.67,md,pr2023012000,pr
-23.3558,-174.6806,36.563,4.8,mb,us7000j3up,us
37.75316667,-84.71866667,35.29,2.64,md,se60500283,se
52.2175,-167.9213,7.3,2.6,ml,ak023jy54ut,ak
-30.636,-71.2294,56.702,5.5,mww,us7000j3ty,us
-55.381,-127.0048,10,5.1,mb,us7000j3tv,us
-19.3719,-177.6127,371.858,4.1,mb,us7000j5ta,us
59.9498,-152.9513,111.7,2.5,ml,ak023jx2sge,ak
38.1836,-116.7029,11.5,3.3,ml,nn00854763,nn
40.3812,-125.7807,10,2.9,ml,us7000j3tc,us
6.8031,-73.0451,151.745,4.4,mb,us7000j3t1,us
52.2285,-168.1087,16.7,2.8,ml,ak023jvyh45,ak
40.561,-125.602,10,2.6,ml,us7000j3su,us
-6.6901,130.3742,73.501,4.2,mb,us7000j3t0,us
17.976,-66.9795,6.79,2.48,md,pr71392348,pr
18.38883333,-66.41633333,104.15,2.82,md,pr71392328,pr
37.2682,20.9394,36.719,4.3,mb,us7000j5t9,us
-9.9809,159.0549,10,4.6,mb,us7000j5t8,us
19.1571,-68.9906,2,3.72,md,pr2023012003,pr
54.238,-162.5044,28.6,2.5,ml,ak023jv6mlw,ak
26.8052,53.7556,10,4.2,mb,us7000j5te,us
63.6312,-149.3442,106.3,2.6,ml,ak023ijnbex,ak
18.4535,-68.9225,112,4.01,md,pr2023011000,pr
18.7895,-67.3775,29.43,3.05,md,pr71392293,pr
-25.5106,-70.9392,35,4,ml,us7000j3r4,us
-17.3933,175.5195,10,4.6,mb,us7000j5rr,us
68.4788,-148.5772,9.393,2.5,ml,us7000j3qw,us
0.034,123.5123,120.214,4.5,mb,us7000j3qy,us
31.58090837,-104.0609072,6.594311523,2.9,ml,tx2023attf,tx
33.6998333,-116.7613333,15.82,3.23,ml,ci40401704,ci
-19.364,-177.4169,556.582,4.1,mb,us7000j5rn,us
37.81,-113.1261667,13.14,2.53,ml,uu60529537,uu
40.5213333,-124.9323333,17.86,4.05,mw,nc73831091,nc
35.333,141.1841,24.784,4.7,mb,us7000j3nl,us
-49.8606,-114.3039,10,6,mww,us7000j3nm,us
-29.912,-176.9651,10,4.6,mb,us7000j5ri,us
-49.4965,-114.5705,10,4.9,mb,us7000j5rh,us
50.9211,-178.0724,10,2.6,ml,us6000jjkj,us
60.5731,-152.7649,119.4,2.6,ml,ak023ifywcm,ak
-14.6664,166.8198,10,4.2,mb,us7000j5rf,us
-31.4078,-68.808,107.895,4.6,mb,us7000j3na,us
56.5234,-149.2287,3.3,3,ml,ak023ifjq8w,ak
-4.7661,151.556,126.023,4.3,mb,us7000j3n5,us
31.72151906,-104.3043001,7.185595703,2.6,ml,tx2023athd,tx
61.5986,-147.7993,14.3,2.5,ml,ak023iep62s,ak
46.2286,154.7309,10,4.5,mb,us7000j3n1,us
-21.5202,-68.5084,150.73,4.2,mb,us7000j3mp,us
-6.7728,131.4171,25.592,5,mb,us7000j3mn,us
43.6598,-129.0905,10,3.6,ml,us7000j5s5,us
-23.2975,-175.6789,10,4.5,mb,us7000j5ry,us
-23.1878,-175.3489,10,4.7,mb,us7000j5re,us
-23.2118,-175.3039,10,5.6,mww,us7000j3mj,us
43.6116,-128.6762,10,3.5,ml,us7000j5s3,us
6.2073,60.8238,10,4.4,mb,us7000j5rb,us
44.2715,-115.1448,10,2.5,ml,us7000j3lg,us
-55.6879,-26.4725,10,4.4,mb,us7000j5rj,us
43.9642,-128.7292,10,5,mww,us7000j3ld,us
-16.5558,-74.1721,10,4.5,mb,us7000j3lc,us
43.6777,-128.6231,10,4.5,mb,us7000j3l9,us
37.943,27.3214,10,3.2,ml,us7000j3tr,us
-14.7507,166.9029,15.236,4.5,mb,us7000j5r6,us
59.3533,-153.1014,82.5,2.5,ml,ak023icgn11,ak
-14.9015,166.9215,25.501,4.5,mb,us7000j5r5,us
-14.8554,166.7486,10,5.8,mww,us7000j3ky,us
50.4042,-177.2449,10,4,mb,us7000j3qm,us
-2.8734,136.9266,66.772,4.8,mb,us7000j3kt,us
60.1489,-141.0043,11,4.8,mb,ak023ib2ygy,ak
17.95933333,-67.03633333,6.34,2.51,md,pr71392208,pr
51.9896,-177.2004,102.4,2.5,ml,ak023ia8p02,ak
-60.1523,-28.1966,10.537,4.6,mb,us7000j3kq,us
55.492,-149.3458,12.044,3,ml,us7000j3ka,us
40.9251667,-111.6248333,6.72,2.88,ml,uu60529522,uu
23.2255,121.4388,30.859,4.2,mwr,us7000j5qw,us
18.945,-67.34933333,22.15,3.14,md,pr71392188,pr
-16.304,-174.2223,130.568,4.5,mb,us7000j5qv,us
53.8178,-165.0324,53.404,3.6,mb,us7000j3jh,us
1.5255,127.1206,130.113,4.4,mb,us7000j5r3,us
35.4403,139.1944,22.345,4.4,mb,us7000j3k9,us
40.8701667,-111.5825,6.26,2.46,ml,uu60529507,uu
-7.9872,129.897,10,4.4,mb,us7000j3j6,us
62.1738,-150.5815,3.8,2.5,ml,ak023i7n2mk,ak
-14.7553,166.7974,10,4.7,mb,us7000j5qu,us
54.8104,-157.0897,76.8,2.5,ml,ak023i7kum6,ak
42.9735,18.1489,10,3,ml,us7000j3nb,us
52.2019,-170.3563,33,3,ml,ak023i7jr31,ak
-21.0386,-177.7685,505.981,4.2,mb,us7000j5qs,us
38.8269997,-122.7621689,-0.89,2.65,md,nc73830916,nc
-5.518,102.8032,34.727,4.3,mb,us7000j5k0,us
11.2892,91.8207,20.942,4.1,mb,us7000j5k6,us
-2.8053,141.8287,23.093,4.4,mb,us7000j5jz,us
54.7651,-156.9271,32.9,2.9,ml,ak023gwo5gg,ak
58.077,-142.6104,10,2.5,ml,us7000j3hx,us
-0.9776,10.2588,10,4.6,mb,us7000j3i2,us
54.8453,-156.8723,20.7,2.5,ml,ak023gw53cm,ak
36.8343333,-121.5731667,6.16,2.99,md,nc73830836,nc
54.8073,-156.8366,20.1,2.6,ml,ak023gw1078,ak
54.6674,-156.6618,15.2,3.1,ml,ak023gvxidp,ak
54.8089,-156.9437,31.3,2.8,ml,ak023gvhqsd,ak
54.8063,-156.9389,14,3.8,ml,ak023gvepye,ak
55.1987,-156.7946,10.9,3.4,ml,ak023gvcy4u,ak
54.715,-157.0884,25.9,2.8,ml,ak023gvcba1,ak
54.6707,-156.9348,33,3.2,ml,ak023gvb0vu,ak
-27.7125,-63.2417,582.531,5.1,mww,us7000j3gz,us
54.6549,-156.8296,22.4,5,mww,ak023guxpjr,ak
18.8263,-64.3388,22,3.76,md,pr2023010002,pr
51.1391,-178.1392,20.6,3.2,ml,ak023guex5u,ak
40.9488333,-124.0303333,22.2,3.61,mw,nc73830791,nc
35.5673,25.883,10.264,4.4,mwr,us7000j3gn,us
-31.7346,-67.1856,134.666,4,mb,us7000j3ga,us
53.9328,-166.4083,9.905,2.7,ml,us7000j3sj,us
-6.2863,147.4343,68.799,4.3,mb,us7000j3ex,us
27.6695,56.1949,10,4.3,mb,us7000j3et,us
51.921,178.629,10,2.6,ml,us7000j3sb,us
31.67959131,-104.3602233,5.565991211,2.5,ml,tx2023arrh,tx
36.0841667,-118.9036667,7.64,3.15,ml,ci40155183,ci
-17.3885,-174.378,168.708,4.6,mb,us7000j3ej,us
-20.2956,-177.636,524.576,4.2,mb,us7000j5jm,us
11.7025,143.1725,10,4.9,mb,us7000j3ec,us
52.0546,179.9245,150.6,2.5,ml,ak023grqnt9,ak
51.9075,-171.487,20.4,2.9,ml,ak023gr92y8,ak
32.47650146,-102.0206507,9.121622721,2.6,ml,tx2023arlo,tx
19.238,-68.9336,5,4.08,md,pr2023010003,pr
52.8964,-167.4238,25.3,2.5,ml,ak023gpnhco,ak
-21.7862,-68.5932,162.273,4.3,mb,us7000j3da,us
55.3437,-149.2659,12.069,4,ml,us7000j3d3,us
12.1672,-88.2306,39.367,4.7,mb,us7000j3d2,us
-10.6927,166.06,172.13,5,mb,us7000j3d1,us
38.1589,74.1477,171.45,4.4,mb,us7000j3cu,us
50.208,-174.0964,6.5,2.7,ml,ak023gnscyf,ak
39.455,26.2697,10,4.9,mb,us7000j3cr,us
37.7398333,-122.128,6.75,2.72,md,nc73830631,nc
-2.4396,140.704,24.413,4.2,mb,us7000j5j9,us
18.1315,-67.23983333,19.61,2.62,md,pr71391968,pr
19.55333333,-156.0043333,36.72,2.67,ml,hv73300642,hv
18.8468,-64.405,37,3.83,md,pr2023010001,pr
53.1421,-166.8644,35,3.2,ml,us6000jj9n,us
-15.0035,167.2362,109.853,5.7,mww,us7000j3cb,us
17.9865,-66.8863,13,3.52,md,pr2023010000,pr
14.0287,145.0201,141.317,4.4,mb,us7000j5j6,us
-18.1047,-177.8817,620.364,4.1,mb,us7000j5j5,us
46.4367,149.6426,175.597,4,mb,us7000j5j4,us
52.2201,159.8177,35,4.4,mb,us7000j5j3,us
-7.0226,129.9937,93.765,4.5,mb,us7000j3bv,us
-39.1366,-91.3738,10,4.4,mb,us7000j5j2,us
26.7458,96.539,57.15,4.6,mb,us7000j3bs,us
52.6498,-168.5549,29.8,3.2,ml,ak023gk3mhf,ak
52.2154,-168.1442,17.9,2.8,ml,ak023gjgxs2,ak
19.32066667,-64.79533333,23.54,3.43,md,pr71391858,pr
51.5073,176.8714,26.9,2.6,ml,ak023f9vfdq,ak
19.25666667,-64.88933333,7.12,3.26,md,pr71391838,pr
-60.2794,-28.2423,10,4.8,mb,us7000j3c9,us
53.8808,-165.1234,55.597,3.8,mb,us7000j3b9,us
31.67798749,-104.3957406,6.440063477,3.1,ml,tx2023aqki,tx
35.5311,25.8453,10,4.3,mb,us7000j3b4,us
-6.2921,104.8324,57.413,4.8,mb,us7000j3as,us
53.094,-166.8632,35,3,ml,us6000jja9,us
-31.1902,-13.3584,10,4.8,mb,us7000j5h7,us
-7.0822,129.9562,97.941,4.2,mb,us7000j3ai,us
36.8201667,-121.555,3.94,2.84,md,nc73830451,nc
-17.842,-178.0687,497.676,4.5,mb,us7000j3a9,us
15.9298,41.7705,10,4.9,mb,us7000j3a6,us
-7.1707,129.7044,77.896,4.5,mb,us7000j3af,us
19.173,-155.5003333,31.42,3.11,ml,hv73300277,hv
-15.5003,166.5448,29.399,5,mb,us7000j3a7,us
52.0867,-165.9995,25.1,2.5,ml,ak023f7huy8,ak
33.396,-116.3966667,4.89,3.18,ml,ci40155015,ci
-15.1927,166.7571,37.476,4.7,mb,us7000j5gw,us
-7.1371,130.0813,91.237,4.1,mb,us7000j5gu,us
-15.0536,166.7769,9.366,4.4,mb,us7000j5gt,us
-7.0874,130.0757,107.572,5.4,mb,us7000j38c,us
38.7881667,-122.7616667,2.03,2.7,md,nc73830356,nc
-7.0642,130.0039,105.249,7.6,mww,us7000j36j,us
15.9951,41.7008,10,4.7,mb,us7000j36e,us
-14.9001,-177.4626,378.112,4.4,mb,us7000j5gr,us
-8.7684,124.5085,35,4.4,mb,us7000j5gp,us
33.4215,142.0726,10,4.3,mb,us7000j5gq,us
19.56816667,-156.2431667,32.42,2.71,ml,hv73300112,hv
52.8854,-161.7932,12,2.9,ml,ak023f5dpxq,ak
51.5112,-178.3937,4.9,3.1,ml,ak023f4fw15,ak
39.9291667,-120.747,2.32,2.75,md,nc73830301,nc
36.5941667,-121.2033333,6.82,2.5,md,nc73830291,nc
-59.2281,-25.5739,35,4.8,mb,us7000j34u,us
24.299,98.7509,10,4.2,mb,us7000j5gk,us
18.91733333,-65.144,23.52,3.14,md,pr71391783,pr
-9.057,111.1211,55.39,5.2,mww,us7000j34c,us
14.7007,145.5852,124.461,4.6,mb,us7000j349,us
23.4009,121.3509,17.209,4.2,mwr,us7000j344,us
-4.4396,149.9622,550.25,4.3,mb,us7000j342,us
-6.8093,129.5281,149.654,4.4,mb,us7000j33z,us
29.6048,-43.0026,10,4.4,mb,us7000j5gf,us
36.1711667,-118.029,2.17,2.63,ml,ci40154919,ci
-20.0359,-69.3901,116.451,4.2,mb,us7000j33j,us
19.00916667,-65.09466667,28.6,3.17,md,pr71391753,pr
31.60961496,-104.0029631,9.936352539,2.8,ml,tx2023aphj,tx
-28.7823,-72.7986,10,4.3,mwr,us7000j33d,us
41.6731,143.4023,37.415,4.2,mb,us7000j33f,us
-20.741,-178.7526,593.383,4.4,mb,us7000j33a,us
28.94989014,-98.02286305,3.399210612,2.5,ml,tx2023apfq,tx
-7.1675,125.3648,441.234,4.3,mb,us7000j32x,us
35.5454,25.8502,10,4.1,mb,us7000j32w,us
-5.2463,153.3525,36.269,5.2,mb,us7000j32n,us
41.9789,-119.5431,2.9,2.6,ml,nn00854671,nn
44.5287,-114.6635,17.344,2.6,ml,us7000j32l,us
19.17566667,-155.5011667,31.27,2.7,ml,hv73299727,hv
36.5315,70.9571,193.763,4,mb,us7000j329,us
-14.7608,166.9993,14.712,4.4,mb,us7000j5gc,us
-9.0802,123.9138,117.27,4.1,mb,us7000j5gb,us
-9.0024,124.1028,102.413,4.4,mb,us7000j325,us
40.3766,19.4481,15.967,4.1,mb,us7000j31z,us
-14.8832,166.6408,10,4.4,mb,us7000j5g4,us
-24.0611,-67.0607,202.486,4.2,mb,us7000j31u,us
31.60753993,-103.9702739,8.329602051,2.7,ml,tx2023aoub,tx
-14.9463,166.7685,10,5,mb,us7000j31r,us
-14.9141,166.9082,30.524,5.2,mb,us7000j31q,us
-14.9368,166.7335,37.928,4.8,mb,us7000j5g2,us
-14.9974,166.7066,36.037,4.2,mb,us7000j5g6,us
-8.698,122.8654,125.934,4,mb,us7000j593,us
37.058,71.3902,117.646,4.6,mb,us7000j31e,us
28.93890381,-98.03733915,4.915405273,3.4,ml,tx2023aoms,tx
31.006442,-103.6457569,10.70759277,3.2,ml,tx2023aolq,tx
-15.0776,166.9387,34.436,4.6,mb,us7000j58z,us
-15.191,166.9059,36.526,4.4,mb,us7000j590,us
-21.0474,-68.6382,128.382,4.3,mwr,us7000j314,us
1.5351,128.2597,81.403,4.3,mb,us7000j58p,us
-8.8992,-108.538,10,4.6,mb,us7000j58n,us
-15.1262,166.6284,10,4.4,mb,us7000j592,us
14.6033,144.2877,8.225,4.3,mb,us7000j58m,us
17.82283333,-66.907,12.23,2.51,md,pr71391708,pr
60.4692,-152.0598,89.4,2.7,ml,ak023djspu9,ak
-33.0169,-71.356,55.979,4.3,mwr,us7000j30u,us
-25.8928,179.8259,492.273,4.6,mb,us7000j30q,us
55.3675,-154.0944,11.5,2.6,ml,ak023dj6tgq,ak
-15.131,166.9092,43.662,4.6,mb,us7000j58y,us
60.2086,-152.4404,87.6,3.6,ml,ak023dj3181,ak
-15.1071,166.7275,35,5,mb,us7000j30e,us
-24.2781,179.9441,489.216,4.4,mb,us7000j309,us
-15.2096,166.8575,35,4.7,mb,us7000j305,us
51.9785,-176.0136,126.7,2.5,ml,ak023di1gzo,ak
37.7857,126.2032,13.218,3.6,ml,us7000j304,us
-15.2982,166.4209,35,4.6,mb,us7000j2zt,us
-15.1966,166.935,35,4.6,mb,us7000j58t,us
-15.1089,166.8434,35,4.8,mb,us7000j58r,us
-15.1022,166.8217,35,4.1,mb,us7000j58g,us
55.9716,162.636,49.284,4.6,mb,us7000j2zp,us
31.15251661,-103.7240474,9.57644043,2.6,ml,tx2023anwm,tx
31.61160046,-103.9577843,6.028735352,2.5,ml,tx2023anwk,tx
-15.1521,166.7046,35,4.7,mb,us7000j2zj,us
-21.0805,-176.4039,213.302,4.2,mb,us7000j58b,us
-15.1874,166.8996,35,4.4,mb,us7000j58l,us
-15.1082,166.9271,35,4.8,mb,us7000j2ze,us
52.1964,179.3919,179.97,4.2,mb,us7000j58c,us
-15.1061,166.8244,35,4.6,mb,us7000j58d,us
-15.1514,166.7468,35,4.8,mb,us7000j58k,us
-14.9874,166.8291,35,4.8,mb,us7000j589,us
-15.0166,166.6938,28.251,4.7,mb,us7000j588,us
-15.0113,166.6939,35,4.2,mb,us7000j597,us
-15.0854,166.6611,34.645,4.8,mb,us7000j587,us
-14.8069,166.7606,35,4.2,mb,us7000j596,us
53.9135,-165.5983,79.28,3.4,ml,us6000jj9a,us
-14.968,166.8093,35,4.8,mb,us7000j594,us
-14.9383,166.8778,27.719,7,mww,us7000j2yw,us
-7.516,147.1755,54.823,4.4,mb,us7000j586,us
38.6604,75.7027,10,4.2,mb,us7000j584,us
61.351,-149.5651,30.3,2.9,ml,ak023def02g,ak
53.2476,-164.453,19.907,4.8,mb,us7000j2yf,us
19.2146,-155.4858,36.322,2.6,ml,us7000j2ya,us
-18.2202,-177.8804,507.318,4.3,mb,us7000j2yb,us
19.0355,-65.0655,22.51,2.87,md,pr71391648,pr
51.5723,178.662,71.246,2.6,ml,us6000jj98,us
18.9135,-64.70866667,42.57,3.39,md,pr71391643,pr
19.02266667,-65.02566667,10.57,3.28,md,pr71391633,pr
17.93716667,-67.02566667,10.51,2.86,md,pr71391613,pr
18.97433333,-65.12483333,33.08,3.27,md,pr71391588,pr
-9.1375,-108.3746,10,4.7,mb,us7000j2xu,us
38.7941666,-122.7473297,-0.63,2.66,md,nc73829906,nc
63.2225,-150.6819,128.4,3.6,ml,ak023dcmvjq,ak
52.0288,-175.2156,99.7,2.7,ml,ak023dcjfxv,ak
19.0126,-65.0768,23,4.16,md,pr2023008000,pr
60.0457,-152.9715,113.4,2.6,ml,ak023dc5wlq,ak
-32.5324,57.1292,10,4.8,mb,us7000j2x7,us
-44.6466,167.3898,12.931,4.5,mb,us7000j2wz,us
9.4284,-85.4572,36.554,4.5,mwr,us7000j2wv,us
52.3946,-169.5119,14.4,2.7,ml,ak023dbevlp,ak
53.3304,171.2831,35,2.9,ml,us7000j598,us
-17.8,-178.6206,547.133,4.1,mb,us7000j582,us
59.7946,-142.334,15.7,2.7,ml,ak023d9s5g5,ak
31.60435823,-103.9589637,7.764025879,2.5,ml,tx2023amzj,tx
-22.4016,-177.9185,361.272,4.1,mb,us7000j57r,us
16.3666,-93.951,108.345,4.1,mb,us7000j2w4,us
37.0671,141.5081,42.781,4.6,mb,us7000j2vx,us
19.20166667,-155.6793333,0.88,2.57,ml,hv73298822,hv
51.7957,-175.9533,212.1,2.8,ml,ak023d8ldaw,ak
36.2404,143.0013,10,4.5,mb,us7000j2vs,us
18.26916667,-67.11516667,22.64,2.79,md,pr71391533,pr
7.5823,126.4929,145.576,4.9,mww,us7000j2vd,us
11.9644,92.6224,31.088,4.2,mb,us7000j2v1,us
19.19983292,-155.380661,32.45999908,2.52,ml,hv73298742,hv
50.5111,155.2432,142.623,4.6,mb,us7000j2ux,us
-4.4409,144.2064,97.74,4.5,mb,us7000j2ut,us
51.171,-179.2929,35,2.5,ml,us6000jj6v,us
18.8863,-68.9785,62,3.82,md,pr2023007000,pr
-21.5795,-179.1652,582.979,4.6,mb,us7000j2uk,us
50.1393,179.8411,10,3.1,ml,us7000j2vw,us
-3.8105,133.4705,10,4.8,mb,us7000j2tu,us
37.4293333,-121.7856667,4.14,2.46,md,nc73829691,nc
-56.349,-27.4039,74.758,4.9,mb,us7000j2tv,us
-16.2467,-174.0051,183.894,5.3,mb,us7000j2tk,us
37.4697,141.6841,49.478,4.7,mb,us7000j2td,us
54.3798,-159.7582,23.8,2.9,ml,ak023bspnjv,ak
51.1802,-176.3466,55,3.3,ml,ak023bs506d,ak
-10.0489,161.8872,121.188,4.6,mb,us7000j2sp,us
23.5066,121.4108,27.01,4.2,mwr,us7000j2sk,us
19.5141,-109.2566,10,4.3,mb,us7000j2sb,us
18.08066667,-65,5.48,2.46,md,pr71391458,pr
19.01066667,-65.48866667,20.16,3.17,md,pr71391453,pr
-38.4187,176.0906,169.01,4.1,mb,us7000j2s0,us
-2.47,140.61,28.767,4.7,mb,us7000j4xm,us
65.2751,-173.4235,20,3.4,ml,ak023bprc2t,ak
34.995,-3.9011,10,4.9,mww,us7000j2ru,us
19.01366667,-65.48133333,42.29,3.43,md,pr71391428,pr
17.95066667,-66.9365,10.07,2.86,md,pr71391413,pr
17.95333333,-66.9945,6.92,3.11,md,pr71391408,pr
-0.1516,98.4365,30.796,4.3,mb,us7000j4xc,us
1.5312,126.4499,10,4.2,mb,us7000j4xd,us
39.4132,26.1996,12.538,4.6,mwr,us7000j2re,us
62.9021,-149.7031,71.3,2.5,ml,ak023bok06d,ak
-32.0193,-69.4816,106.694,4.8,mwr,us7000j2r8,us
67.4892,-166.7628,24.4,3.4,ml,ak023bo0wvb,ak
19.14900017,-155.4248352,32.93999863,2.48,ml,hv73298462,hv
50.4949,156.4062,85.336,4.2,mb,us7000j4xb,us
4.1528,122.796,581.105,4.5,mb,us7000j2qz,us
35.96716667,-89.89966667,8.26,2.52,md,nm60505336,nm
61.8991,-150.7732,58.9,3,ml,ak023bn92yd,ak
54.2817,-162.4949,10,2.7,ml,us6000jj0b,us
17.9415,-66.954,12.79,2.68,md,pr71391388,pr
-3.8657,133.3307,10,4.5,mb,us7000j2q5,us
17.948,-66.86683333,11.09,2.47,md,pr71391383,pr
51.6515,178.6854,72.008,2.8,ml,us6000jj0e,us
17.91766667,-65.88866667,6.21,3.07,md,pr71391353,pr
-31.4319,-68.5084,114.784,4,mb,us7000j2pr,us
39.3815,26.1631,10,4.7,mb,us7000j2pq,us
51.6458,178.823,73.72,2.7,ml,us6000jj0d,us
-7.7445,68.1067,10,4.5,mb,us7000j4xe,us
-34.3691,-72.3914,29.069,4.4,mb,us7000j2pk,us
52.0487,-176.211,119.4,3,ml,ak023bkxytl,ak
17.94816667,-66.956,12.08,2.9,md,pr71391323,pr
60.5919,-44.0962,10,4.3,mb,us7000j2p8,us
51.7941,-176.454,66.3,2.8,ml,ak023aax4yd,ak
18.40383333,-65.421,102.46,3.27,md,pr71391298,pr
-11.174,112.5291,10,4.5,mb,us7000j2nw,us
42.1708,145.0107,35,4.5,mb,us7000j2nv,us
54.6038,-159.7789,15,2.5,ml,ak023aa1deh,ak
35.946,-120.0101667,11.23,2.78,md,nc73829416,nc
60.7785,-44.1517,10.036,4.7,mb,us7000j2n4,us
1.9329,97.8206,61.913,4.5,mb,us7000j2n0,us
59.8061,-146.8832,18,2.7,ml,ak023a98gn9,ak
-16.8071,-174.5791,216.189,4.6,mb,us7000j2mn,us
-25.4042,-66.3023,216.542,4.9,mb,us7000j2mm,us
-19.9069,-178.1429,574.355,4.9,mb,us7000j2ml,us
56.5923,-149.2159,19.819,2.8,ml,us7000j2ma,us
25.5991,124.108,203.001,4.1,mb,us7000j2lz,us
39.6305,-107.4685,9.441,2.6,ml,us7000j2lr,us
-9.3395,-79.0612,61.187,4.5,mb,us7000j2lq,us
19.16683388,-155.5014954,33.47000122,2.48,ml,hv73298107,hv
51.9903,-169.391,17.2,2.5,ml,ak023a6cpty,ak
18.7659,145.3589,254.727,3.7,mb,us7000j4w4,us
40.7335,-125.2478333,24.22,3.23,ml,nc73829351,nc
-8.9505,156.2616,10,4.5,mb,us7000j4w3,us
18.51983333,-66.29233333,114.02,2.94,md,pr71391273,pr
-34.2206,-71.6465,50.337,4.3,mb,us7000j2j2,us
31.65838483,-104.2938384,6.131567383,3.4,ml,tx2023akeh,tx
31.65741025,-104.3035189,6.388647461,2.6,ml,tx2023akee,tx
52.2534,-165.5877,10,2.7,ml,us6000jiyc,us
51.9476,-173.113,65.911,3.4,ml,us6000jiyb,us
-4.0222,-81.7315,8.451,4.4,mb,us7000j2in,us
54.9836,-163.4285,164.18,2.8,ml,us7000j2il,us
40.7068333,-124.2103333,18.71,3.27,ml,nc73829331,nc
-24.7523,-179.9677,498.56,5.9,mww,us7000j2ig,us
44.3772,-115.1396,10,2.5,ml,us7000j2i4,us
18.8315,-67.168,47.4,3.37,md,pr71391233,pr
63.0076,-150.669,111.1,2.5,ml,ak023a2bfy4,ak
53.4025,-166.9179,10,2.6,ml,us6000jiya,us
-24.1567,-67.0685,188.315,4.4,mb,us7000j2hh,us
18.0415,-66.80533333,17.15,2.5,md,pr71391223,pr
-20.9554,168.9572,10,4.8,mb,us7000j2hm,us
-58.6175,-23.2816,10,5.4,mww,us7000j2h0,us
37.4215,137.1761,10,4.8,mb,us7000j2gw,us
19.24966621,-155.4001617,31.12999916,2.72,ml,hv73297792,hv
31.69267064,-104.3632971,7.494091797,2.8,ml,tx2023ajmm,tx
19.33866667,-155.1933333,4.81,2.57,ml,hv73297772,hv
21.1214,121.0554,10,4.3,mb,us7000j4vr,us
-28.3814,62.6111,10,4.5,mb,us7000j4vq,us
17.95383333,-65.45483333,14.02,3.29,md,pr71391213,pr
2.9032,-31.2399,10,4.6,mb,us7000j4vp,us
-2.4951,-12.2795,10,4.7,mb,us7000j2gb,us
65.2677,-165.5806,21.2,2.5,ml,ak0239y2j9g,ak
19.41733333,-155.2796667,0.57,3.26,ml,hv73297477,hv
50.5256,-174.8949,6.7,3.1,ml,ak0239xa1nh,ak
19.076,-66.51883333,25.06,3.3,md,pr71391178,pr
36.4559,68.7554,10,4.2,mb,us7000j2f5,us
19.24766731,-155.3983307,32.13000107,2.47,ml,hv73297112,hv
51.4956,178.4514,51.1,3,ml,ak0238mf3ui,ak
54.2599,-162.5012,35,2.7,ml,us6000jirq,us
18.1485,-67.66883333,66.04,3.25,md,pr71391148,pr
28.1684,127.9296,125.674,4.4,mb,us7000j2eh,us
38.9934,70.5966,10,4.3,mb,us7000j2e7,us
51.0781,-179.238,35,2.8,ml,us6000jirp,us
-32.7044,-71.2805,57.554,4.2,mwr,us7000j2dx,us
-5.4016,68.6411,10,4.9,mb,us7000j2dw,us
-38.8573,-92.1576,10,4.6,mb,us7000j4r3,us
60.7066,-150.6059,20.2,2.7,ml,ak0238kjd2m,ak
44.1501667,-110.4986667,10.03,2.48,ml,uu60529182,uu
24.8721,122.0543,10,4.3,mb,us7000j2dm,us
61.369,-150.1744,47,3.2,ml,ak0238jyi6p,ak
24.8885,122.078,7.042,4.4,mb,us7000j2cx,us
66.5196,-169.7163,17.1,2.6,ml,ak0238jas78,ak
14.3045,-94.0854,10,5.3,mww,us7000j2ce,us
36.4922,70.7018,193.786,5.9,mww,us7000j2b9,us
-22.8663,-68.4443,124.7,4.6,mb,us7000j2az,us
52.2404,-174.3804,128.2,2.9,ml,ak0238hp3lz,ak
53.8825,-35.1033,10,4.9,mb,us7000j2ap,us
33.3955,-116.393,3.82,2.59,ml,ci40153855,ci
45.5023,-111.6946,5,3.3,ml,us7000j292,us
53.2047,-164.348,21.3,2.7,ml,ak0238eo7qb,ak
42.1623,142.0916,106.185,4.3,mb,us7000j28s,us
17.8825,-66.85,12.11,2.94,md,pr71391068,pr
-14.9683,166.8464,24.394,5.3,mww,us7000j28m,us
19.229,-155.3933333,33.54,3.51,ml,hv73295577,hv
53.8944,-165.3914,65.3,2.8,ml,ak0238czk50,ak
24.1399,95.9162,12.642,4.6,mb,us7000j28c,us
-33.7203,118.2694,10.734,4.7,mb,us7000j285,us
23.2178,121.5972,39.669,4.2,mwr,us7000j283,us
37.91,101.1284,12.578,4.9,mb,us7000j27u,us
-59.297,-23.7335,10,4.9,mb,us7000j27t,us
-23.5332,-114.8196,10,4.5,mb,us7000j4qj,us
19.10116667,-67.93466667,50.18,3.31,md,pr71391048,pr
52.7054,-35.0517,10,4.5,mb,us7000j27w,us
-10.6035,-74.8614,121.093,4.8,mb,us7000j27d,us
17.98466667,-66.88716667,12.97,2.84,md,pr71391028,pr
18.4573,145.3864,288.312,4.5,mb,us7000j4qm,us
42.2625,-122.0838333,16.26,2.53,ml,uw61901446,uw
52.1204,-169.6426,41.594,3.9,mb,us7000j4qi,us
55.6202,-156.7679,15,2.5,ml,ak0238b11cc,ak
-18.9226,-177.0972,393.297,4.8,mb,us7000j272,us
19.40299988,-155.2879944,0.980000019,2.5,ml,hv73295332,hv
19.39266667,-155.2796667,1.85,2.48,ml,hv73295327,hv
2.0929,127.8829,10,4.2,mb,us7000j4ql,us
-18.3572,-177.9669,584.474,4.6,mb,us7000j4qf,us
-7.3229,128.6204,124.722,4.5,mb,us7000j4qk,us
55.0924,-156.5908,11.4,3.1,ml,ak0238ad0l6,ak
51.6255,-176.4688,44.917,2.5,ml,us7000j5yq,us
51.6193,178.711,73.81,2.8,ml,us7000j5yp,us
60.0048,-147.4059,10.1,2.8,ml,ak0237044ek,ak
-19.1636,-68.9655,126.284,5.1,mww,us7000j25w,us
-2.5114,140.7551,10,4.4,mb,us7000j47f,us
36.0211667,-117.7673333,1.5,3,ml,ci40153687,ci
47.7828,152.4908,133.5,4,mb,us7000j47e,us
38.7972,23.6294,8.805,4.4,mb,us7000j252,us
52.205,-170.1473,35,3.2,ml,us7000j5wl,us
-30.7607,-71.5101,35,4,ml,us7000j24y,us
-28.4014,-178.3055,10,4.6,mb,us7000j47d,us
-7.1158,105.1207,35,4.6,mb,us7000j479,us
55.9201,-155.8299,17.3,3,ml,ak0236wiz89,ak
18.83966667,-154.9016667,43.96,3,ml,hv73295042,hv
3.6158,126.9023,42.509,4.4,mb,us7000j23n,us
18.4156,-69.0763,116.913,4.3,mb,us7000j23e,us
54.6006,-159.7453,26.027,2.7,ml,us7000j5wj,us
3.4965,126.6943,50.551,4.2,mb,us7000j476,us
3.5691,126.7719,49.297,4.3,mb,us7000j475,us
26.8335,55.1568,16.611,4.1,mb,us7000j23c,us
65.35,-144.8121,8.1,3.8,ml,ak0236vqk1t,ak
-23.0579,-68.9523,106.604,4.5,mwr,us7000j22x,us
-2.4959,140.7411,19.763,5.1,mww,us7000j22n,us
-6.1707,149.1598,60.403,4.5,mb,us7000j474,us
63.2121,-148.9041,4.9,3.2,ml,ak0236t0c6k,ak
31.60915019,-103.969743,8.638098145,2.9,ml,tx2023agjr,tx
31.606508,-103.969597,8.496704102,2.8,ml,tx2023agjq,tx
13.9811,145.2285,118.031,4.4,mb,us7000j47j,us
2.4129,128.5835,73.634,4.2,mb,us7000j46z,us
53.4894,-166.6461,89.9,2.5,ml,ak0236stoci,ak
52.0376,174.8223,48.951,4.6,mb,us7000j21j,us
61.9264,-151.3576,81.6,2.8,ml,ak0236sflkm,ak
42.7635,140.8293,150.971,4.2,mb,us7000j46y,us
54.5826,-149.8362,9.835,3.1,ml,us7000j5v3,us
31.7032,73.979,10,4.2,mb,us7000j22v,us
32.156,-116.9501667,5.56,2.47,ml,ci40153527,ci
58.439,-153.5308,66.5,2.6,ml,ak0236rodsh,ak
18.175,-67.0045,25,3.09,md,pr71390863,pr
-2.541,140.6961,28.62,4.2,mb,us7000j470,us
40.384,-125.4953333,9.79,2.9,md,nc73828681,nc
54.4983,-163.2931,10.005,3.1,ml,us7000j20q,us
19.18,-155.5111667,35.26,3.28,ml,hv73294497,hv
17.9415,-66.91233333,14.77,2.79,md,pr71390828,pr
61.0206,-149.2313,19.5,2.5,ml,ak0236pgv1s,ak
38.5425,-119.541,3.58,2.84,md,nc73828626,nc
31.69159742,-104.4890112,6.594311523,3.2,ml,tx2023afwf,tx
-23.0376,-179.3436,468.324,4.5,mb,us7000j46r,us
-10.7304,113.4073,25.287,4.6,mb,us7000j46q,us
52.1663,-165.4001,31.6,2.6,ml,ak0236ol60f,ak
-2.4039,140.9103,12.013,4.6,mb,us7000j46p,us
51.3282,-179.1681,23.9,2.5,ml,ak0236o89va,ak
54.2964,-162.7457,27.8,2.6,ml,ak0236o7gkl,ak
-1.0388,98.303,14.935,4.6,mb,us7000j1zs,us
54.0715,-164.2503,52.3,2.5,ml,ak0236o10or,ak
53.94,-35.0776,10,4.7,mb,us7000j1zl,us
53.8855,-35.0411,10,5.4,mww,us7000j1zj,us
0.0685,170.0254,10,5.4,mb,us7000j1zi,us
-9.1924,159.2936,10,4.7,mb,us7000j46l,us
-2.4752,140.7244,22.365,4.9,mb,us7000j1zc,us
-27.9547,-66.5814,171.453,4,mb,us7000j1z9,us
32.2203333,-115.2365,19.68,3.19,ml,ci40153431,ci
36.3015,-120.4271667,13.75,2.57,md,nc73828576,nc
18.64733333,-66.4505,18.32,2.65,md,pr71390788,pr
-57.7446,-25.1755,31.656,5,mb,us7000j1yq,us
51.5836,178.6887,69.264,2.8,ml,us7000j5y7,us
42.4106,64.4461,9.855,4.4,mb,us7000j1yn,us
51.3911,179.5909,56.465,2.8,ml,us7000j5y6,us
40.0958333,-121.0003333,8.03,2.78,md,nc73828546,nc
54.8918,160.494,128.728,4.4,mb,us7000j1yk,us
18.72383333,-67.46833333,9.73,3.15,md,pr71390768,pr
41.8053333,-111.936,8.35,2.45,ml,uu60529097,uu
-57.6212,-25.0608,24.577,4.3,mb,us7000j46e,us
-58.5854,-25.1398,30.097,4.6,mb,us7000j1y8,us
-57.5329,-24.7122,10,4.1,mb,us7000j46d,us
-24.1135,-66.8083,198.977,4.2,mb,us7000j1xu,us
52.3738,-176.5056,204,2.6,ml,us7000j5yg,us
-57.7447,-25.3787,33.147,5.3,mww,us7000j1xn,us
41.7943333,-111.9201667,0.79,3.19,ml,uu60529092,uu
18.83083333,-67.43,5.22,2.85,md,pr71390728,pr
36.2977,21.9191,10,4.2,mb,us7000j1xi,us
32.325,-115.3311667,18.22,2.47,ml,ci40153367,ci
31.62432781,-104.1197855,6.080151367,2.7,ml,tx2023afhn,tx
-9.012,158.0908,10,4.4,mb,us7000j467,us
36.3063,22.0519,10,4.1,mb,us7000j1wx,us
38.3049,-30.2982,10,4.5,mb,us7000j1wq,us
55.8483,-149.2191,11.536,3.3,ml,us7000j1zf,us
60.9035,-150.5032,45.5,2.8,ml,ak0235a289d,ak
50.4997,-174.9753,2.7,2.5,ml,ak02359yssi,ak
0.8166,-29.2224,10,5.5,mww,us7000j1w3,us
52.1322,-172.5041,60.2,2.5,ml,ak02359bxzq,ak
-2.4596,140.7484,26.757,5,mb,us7000j1vz,us
-37.6369,175.6867,10,5,mww,us7000j1vk,us
-4.6561,152.5,66.53,4.6,mb,us7000j45x,us
-2.9351,134.2411,10.49,4.6,mb,us7000j1um,us
50.7136,-174.7971,10,2.5,ml,us7000j5p9,us
-2.8884,134.2964,9.754,4.6,mb,us7000j1ug,us
-65.4071,178.8954,10,5.6,mww,us7000j1u9,us
53.2242,-160.7722,10,2.6,ml,us7000j5p7,us
52.1285,-179.3716,144.3,2.5,ml,ak023571ehx,ak
11.8178,-86.9783,57.546,4.2,mb,us7000j1ty,us
12.8244,-90.1479,10,4.6,mb,us7000j1tw,us
19.4895,-155.2671667,18.8,4,ml,hv73293392,hv
48.3198,23.157,9.554,4.3,mb,us7000j45y,us
52.079,-168.3708,10,3,ml,us7000j5nz,us
-65.1572,179.3624,10,5.5,mww,us7000j1tt,us
-2.4701,140.9095,24.294,5.1,mww,us7000j1tl,us
-31.5565,-69.3157,120.995,4.5,mb,us7000j1tg,us
60.1189,-150.3174,44.7,2.6,ml,ak02355uivl,ak
10.3339,125.9109,57.172,5,mb,us7000j1td,us
56.1972,-149.6953,10,3,ml,ak02354tduj,ak
-40.9373,-88.1001,10,4.8,mb,us7000j1sw,us
41.7976667,-111.9216667,5.44,2.66,ml,uu60529057,uu
-3.9307,133.2745,30.815,4.8,mb,us7000j1sr,us
-17.9368,-178.3101,612.415,4.5,mb,us7000j1sj,us
40.2638,142.5972,42.121,5.1,mww,us7000j1s3,us
58.5106,-156.2819,177.7,2.6,ml,ak02352iwsm,ak
53.7752,-165.4867,69.093,3.6,ml,us7000j1ry,us
40.1091667,-120.9998333,12.71,2.7,md,nc73828266,nc
53.4026,-166.9113,9.239,2.6,ml,us7000j5mw,us
41.8058333,-111.9253333,7.43,2.82,ml,uu60529032,uu
18.82683333,-65.035,16.12,3,md,pr71390653,pr
56.0346,-161.4005,208.1,2.8,ml,ak02351c3mr,ak
-56.2277,-122.47,10,4.6,mb,us7000j45e,us
-16.9179,-72.4467,63.519,4.4,mb,us7000j1r8,us
-2.5301,140.8763,35,4.3,mb,us7000j45c,us
19.22533333,-66.50166667,22.79,3.43,md,pr71390623,pr
45.8784,-27.6336,10,4.5,mb,us7000j45b,us
-20.8277,-177.8009,544.766,4.2,mb,us7000j45i,us
51.6497,178.7377,70,2.6,ml,ak023502kym,ak
17.95783333,-66.845,18.44,2.61,md,pr71390618,pr
18.5491,-66.8916,5,3.46,md,pr2023003000,pr
57.028,-147.8318,10.1,2.9,ml,ak0234zzlh5,ak
-18.2744,-70.0159,88.136,4.1,mb,us7000j1qq,us
18.36983333,-66.343,60.2,3,md,pr71390583,pr
8.4265,126.6748,60.755,4.5,mb,us7000j459,us
-4.9837,144.3355,10,4.4,mb,us7000j457,us
-22.1015,170.1577,10,4.5,mb,us7000j458,us
42.0714,80.8577,10,4.4,mb,us7000j1qm,us
-23.4055,-174.5402,10,4.6,mb,us7000j456,us
3.6361,124.5139,250.613,4.4,mb,us7000j454,us
10.7847,95.0957,10,4.3,mb,us7000j455,us
35.5026667,-118.3831667,5.56,2.68,ml,ci40153151,ci
18.9597,145.067,566.521,4.3,mb,us7000j1qj,us
31.72723056,-104.5184535,5.10324707,2.6,ml,tx2023adrx,tx
10.8475,95.1111,10,4.1,mb,us7000j453,us
55.7896,-161.4362,186.9,2.5,ml,ak0234yo6nl,ak
-8.0831,107.9901,62.155,4.6,mb,us7000j1q7,us
31.1635,141.825,10,5.2,mww,us7000j1pz,us
37.371,-118.368,5.96,3.06,ml,nc73828121,nc
-2.4043,140.7873,25.018,4.4,mb,us7000j44k,us
55.5136,162.0419,64.876,4.4,mb,us7000j1pl,us
8.4451,126.8997,35,5.2,mb,us7000j1pj,us
19.15916667,-66.522,15.3,3.21,md,pr71390553,pr
-7.5835,127.5134,170.482,4,mb,us7000j44j,us
5.3792,97.0686,18.646,4.4,mb,us7000j44m,us
40.5483,-29.3131,10,4.9,mb,us7000j1p9,us
-2.5003,140.9669,10.5,4.2,mb,us7000j44l,us
-17.8422,-178.4887,571.691,4.3,mb,us7000j44f,us
3.5828,127.107,41.675,4.5,mb,us7000j44e,us
19.24449921,-155.4095001,33.83000183,2.92,ml,hv73292287,hv
59.9725,-153.295,127.2,2.5,ml,ak0233n6nn3,ak
10.8133,91.5951,10,4.4,mb,us7000j1nn,us
18.20283333,-67.14466667,25.6,3.19,md,pr71390518,pr
30.2172,-41.962,10,5.2,mww,us7000j1nh,us
35.5106,25.8532,10,4,mb,us7000j1nd,us
36.0239,139.8384,102.909,4.4,mb,us7000j1n9,us
45.97,150.8058,98.77,5.3,mww,us7000j1n1,us
9.7538,-69.6312,10,4.5,mb,us7000j1mr,us
52.3363,-168.4659,39.882,4.3,mb,us7000j1mp,us
-8.3498,112.6405,127.241,4.2,mb,us7000j44a,us
12.6191,143.3343,69.938,4.5,mb,us7000j449,us
-7.0518,125.3116,489.148,4.5,mb,us7000j1mi,us
-65.2429,179.2554,10.015,4.9,mb,us7000j44i,us
-9.0813,40.6115,10,4.3,mb,us7000j448,us
36.5797,142.4842,25.237,4.5,mb,us7000j1mf,us
51.8651,-175.1889,66.489,2.6,ml,us7000j5ek,us
31.8534,131.5447,47.985,4.2,mb,us7000j447,us
-19.9514,-174.3869,63.161,4.8,mb,us7000j1m9,us
53.8527,-164.0014,29.044,2.6,ml,us7000j5ej,us
41.8071667,-111.951,6.98,2.57,md,uu60032349,uu
41.8068333,-111.9213333,0.65,2.54,ml,uu60528987,uu
-20.5016,-178.4382,570.9,4.6,mb,us7000j1m2,us
51.3249,-179.536,32.116,4.2,mb,us7000j1m1,us
52.2995,-175.8328,172.742,3,ml,us7000j5ei,us
17.98066667,-66.91666667,13.85,2.52,md,pr71390493,pr
36.0965,21.6896,10,4.1,mb,us7000j1lp,us
19.16066742,-155.3523407,29.54999924,2.75999999,md,hv73291812,hv
-31.3613,-68.2466,105.312,4.5,mb,us7000j1li,us
17.96133333,-67.00466667,8.09,2.85,md,pr71390453,pr
19.14566667,-67.251,32.02,3.09,md,pr71390433,pr
5.4736,97.1091,10,5.1,mb,us7000j1l9,us
60.2614,-153.429,159.2,2.7,ml,ak0233h8ty7,ak
16.4131,-95.1513,80.334,4.1,mb,us7000j1ky,us
18.98283333,-67.18883333,16.43,3.3,md,pr71390418,pr
31.68706615,-104.413051,6.080151367,3.2,ml,tx2023acno,tx
51.4217,-177.8996,26,3,ml,ak0233gftq3,ak
40.5218333,-124.394,18.54,2.54,md,nc73827871,nc
-6.6864,144.5568,45.287,4.9,mb,us7000j1kp,us
31.6774117,-104.4135009,7.005639648,2.8,ml,tx2023acnh,tx
43.4289,-127.1909,10,3.9,mb,us7000j1kj,us
43.3825,-127.7533,10,3.4,ml,us7000j1ks,us
18.1705,-67.0625,27.06,2.48,md,pr71390413,pr
41.1992,140.2131,153.502,4.1,mb,us7000j1kf,us
52.6305,-168.9702,61,2.7,ml,ak0233g12kr,ak
59.929,-151.5805,65.8,3.1,ml,ak0233fzzfo,ak
35.7262,25.8468,10,4.3,mb,us7000j1k7,us
59.8343,-153.4076,128,2.7,ml,ak0233fhsrb,ak
17.87983333,-66.958,7.72,3.14,md,pr71390393,pr
40.4442,-29.3723,10,5.3,mww,us7000j1jv,us
40.5898,-29.3734,10,4.7,mb,us7000j1jp,us
52.8653,-162.1872,26.2,3.3,ml,ak0233f9die,ak
17.96616667,-67.00916667,9.16,2.66,md,pr71390408,pr
17.94633333,-67.0085,10.55,2.88,md,pr71390378,pr
17.9633,-67.0076,9,4.1,ml,pr2023002000,pr
63.1493,-150.4226,106.5,2.6,ml,ak0233eycoy,ak
-24.0926,-66.9163,193.623,4.5,mb,us7000j1jc,us
17.94966667,-66.91666667,15.7,2.48,md,pr71390338,pr
-59.74,-25.8967,10,4.7,mb,us7000j1iv,us
36.4337,21.8037,40.846,4.6,mb,us7000j1in,us
-22.3471,-179.5541,556.877,4.6,mb,us7000j1iw,us
41.9421,142.5841,70.086,4.4,mb,us7000j1im,us
54.157,-164.3023,10,2.8,ml,us7000j1ym,us
52.1995,-168.2191,27.105,3.8,mb,us7000j43r,us
27.5974,90.3069,35,4.4,mb,us7000j1if,us
17.94783333,-66.9085,12.69,2.8,md,pr71390323,pr
54.4969,-159.5794,36.047,2.6,ml,us7000j5l2,us
50.6602,-175.2714,10,2.8,ml,us7000j5l8,us
52.2686,-168.4544,35.262,2.9,ml,us7000j5l7,us
52.1725,-168.2849,25.816,2.9,ml,us7000j5l1,us
9.3909,126.0204,10.004,4.4,mb,us7000j43q,us
33.3975,-116.3898333,3.36,2.61,ml,ci40152887,ci
10.5549,-62.3692,89.663,4.4,mb,us7000j43p,us
52.3274,-168.3055,28.684,4.3,mb,us7000j1hy,us
-7.7534,123.2862,248.701,4.4,mb,us7000j44n,us
6.8279,-73.0877,153.952,4.3,mb,us7000j43n,us
-2.4906,140.7278,35,4.2,mb,us7000j3yb,us
19.3601,-65.7256,34,3.62,md,pr2023001004,pr
37.0501,135.2338,368.953,4.3,mb,us7000j1hk,us
-6.1642,130.3662,110.639,4,mb,us7000j3y7,us
-4.5724,151.7111,151.332,4.4,mb,us7000j3y8,us
18.3643,-68.3946,78,3.81,md,pr2023001003,pr
-19.0542,-177.6062,496.363,4.4,mb,us7000j1hf,us
52.1341,-170.3181,25.6,2.7,ml,ak02320qjt4,ak
38.0399,72.3573,117.822,4,mb,us7000j1hb,us
31.3366,140.9507,56.524,4.5,mb,us7000j1hc,us
-21.3126,-67.2105,201.911,4.4,mb,us7000j1h7,us
29.7295,70.1934,10,4.3,mb,us7000j1h6,us
31.68425514,-104.421101,6.131567383,3.3,ml,tx2023abqj,tx
18.7635,145.3291,305.991,4.4,mb,us7000j1gz,us
15.7604,-92.0924,203.319,4.6,mb,us7000j1gs,us
-3.4567,131.0209,10,4.5,mb,us7000j1gt,us
2.0751,128.135,153.78,4.3,mb,us7000j3y3,us
40.6042,-29.1424,10,4.7,mb,us7000j1gq,us
40.409,-123.971,30.63,5.35,mw,nc73827571,nc
19.14016667,-156.197,38.49,3.77,ml,hv73290972,hv
-56.2046,-123.4337,10,5.8,mww,us7000j1u6,us
-2.5298,140.8085,14.759,5.5,mww,us7000j1g5,us
-60.8195,-51.0213,11.175,4.7,mb,us7000j3ya,us
-13.8607,166.5156,10,4.6,mb,us7000j3y9,us
19.17149925,-155.4591675,30.67000008,2.49000001,md,hv73290877,hv
32.6028333,-117.9698333,5.95,2.65,ml,ci40152719,ci
51.3757,-176.4761,23.3,2.6,ml,ak0231xay5g,ak
31.71729206,-104.2797612,7.10847168,2.6,ml,tx2023abgp,tx
-25.1974,178.5519,595.75,5.3,mb,us7000j1fq,us
52.1881,-168.2389,39.6,2.5,ml,ak0231wooxt,ak
51.2157,-176.2718,15.4,2.5,ml,ak0231wj0pd,ak
52.4038,-168.3947,35,3.4,ml,us7000j3y0,us
51.1134,-176.2466,12.6,2.6,ml,ak0231w4owz,ak
49.7205,150.7358,390.141,4.1,mb,us7000j1fc,us
52.2581,-168.2943,35,3.4,ml,us7000j3xw,us
17.9275,-66.9091,14,3.58,md,pr2023001002,pr
36.6979,76.9588,97.9,4.3,mb,us7000j1f2,us
63.5602,-149.8164,109.4,2.5,ml,ak0231uus49,ak
-23.0757,-68.9208,106.605,4.9,mb,us7000j1ew,us
10.069,126.5571,33.676,4.3,mb,us7000j3xv,us
18.6319,120.9637,46.019,4.4,mb,us7000j1eg,us
40.5551667,-124.0075,22.18,2.46,md,nc73827486,nc
18.2065,-67.11733333,21.88,2.95,md,pr71390183,pr
35.8168333,-121.3523333,3.74,2.6,md,nc73827466,nc
17.9266,-66.9146,14,3.81,md,pr2023001001,pr
17.83033333,-65.9855,10.92,2.78,md,pr71390148,pr
17.98233333,-66.99933333,12.94,2.53,md,pr71390133,pr
23.9374,122.5711,31.485,4.1,mb,us7000j3xz,us
52.4985,-166.8818,23.98,2.6,ml,us7000j5dc,us
52.6145,-166.9988,18.2,3,ml,us7000j3yd,us
-6.2336,154.7485,131.681,4.1,mb,us7000j3xr,us
52.557,-166.9914,29.532,3.6,mb,us7000j3xx,us
-58.8341,-25.5621,38.411,5.2,mb,us7000j1d2,us
36.595,-121.2063333,7.74,3.9,mw,nc73827436,nc
36.5351,70.8869,181.449,4.7,mb,us7000j1cr,us
-15.1473,66.7962,10,4.2,mb,us7000j3ye,us
36.5958333,-121.2001667,8.14,3.14,ml,nc73827426,nc
51.461,-177.4797,33.99,3,ml,us7000j5a0,us
2.4752,128.6389,231.588,4.1,mb,us7000j3xs,us
17.4535,93.4248,39.85,4.7,mb,us7000j1cd,us
40.7038333,-124.2061667,18.47,2.7,md,nc73827421,nc
-15.3219,-174.8756,255.47,4.1,mb,us7000j3xn,us
-19.0419,-177.5423,556.99,4.1,mb,us7000j3xu,us
19.2687,-155.4225,37.317,2.8,ml,us7000j1c7,us
53.3976,-166.9222,10,2.9,ml,us7000j1zd,us
-4.7803,102.7675,63.787,4.3,mb,us7000j3xm,us
19.1631,-66.5251,24,3.93,md,pr2023001000,pr
-6.7291,155.1904,78.829,5.4,mww,us7000j1bs,us
44.3695,-115.2008,10,2.5,ml,us7000j1bq,us
7.1397,126.738,79.194,4.5,mb,us7000j3xk,us
51.9588,178.543,73.4,2.9,ml,ak0231ntwjz,ak
52.8979,-166.7308,35,3.4,ml,us7000j3w7,us
-16.5378,-69.68,196.743,4.9,mww,us7000j1b1,us
-17.7425,-179.8277,628.095,4,mb,us7000j3w5,us
62.4049,-151.1547,6.6,3,ml,ak022grzqwir,ak
51.29,-176.0293,10,2.6,ml,us7000j4z8,us
2.1748,126.7058,45.928,4.4,mb,us7000j3w9,us
28.7228,76.6313,10,4.1,mb,us7000j1aj,us
-52.5784,28.0139,10,4.5,mb,us7000j3w0,us
-10.2389,66.5344,10,4.6,mb,us7000j1ad,us
12.2014,-89.0001,10,4.3,mb,us7000j1a9,us
-16.4228,-173.3672,65.164,4.7,mb,us7000j3w1,us
-23.6424,179.5146,577.986,4.5,mb,us7000j3vy,us
-18.1498,-178.1344,524.588,4.5,mb,us7000j3vz,us
40.5213333,-124.4023333,18.87,2.75,md,nc73827301,nc
51.962,-176.5072,123.136,2.9,ml,us7000j4za,us
53.0816,-166.0285,38.552,3.6,ml,us7000j3w4,us
33.5482,48.3346,19.314,4.1,mb,us7000j1a0,us
45.1006,151.5903,10,4.4,mb,us7000j19v,us
4.9172,125.1619,277.283,4.3,mb,us7000j3vv,us
15.2514,-93.2921,76.076,4.7,mb,us7000j19l,us
12.16,143.7703,10,4.7,mb,us7000j3vt,us
-16.691,-173.5718,10,4.9,mb,us7000j19e,us
17.99533333,-66.72733333,12.45,3.19,md,pr71390013,pr
19.24616623,-155.3771667,29.39999962,2.61999989,md,hv73289112,hv
-18.4964,168.3801,53.395,4.6,mb,us7000j18y,us
65.5781,-170.9069,34.8,3.3,ml,ak022gruwblx,ak
-58.013,-25.6511,63.867,4.6,mb,us7000j18u,us
-32.2686,-71.5625,48.3,4.5,mwr,us7000j18l,us
56.408,-148.8448,10,2.9,ml,us7000j5dz,us
33.3975,-116.3933333,3.88,4.14,mw,ci40151807,ci
34.3556667,-116.9218333,4.73,3.47,mw,ci40151719,ci
-8.433,127.3737,27.282,4.1,mb,us7000j3vp,us
51.7158,-174.7728,46.26,2.9,ml,us7000j5dr,us
-5.7675,148.0193,10.453,4.5,mb,us7000j3vn,us
-19.6814,-178.1604,582.1,4.8,mb,us7000j17s,us
40.5391667,-124.3166667,17.7,2.64,md,nc73827136,nc
38.4573333,-122.015,18.5,2.76,ml,nc73827126,nc
55.3011,-35.318,10,4.2,mb,us7000j3vs,us
35.85383333,-97.18883333,7.51,2.61,ml,ok2022zpsr,ok
18.94283333,-64.48983333,23.39,2.75,md,pr71389993,pr
18.13283333,-67.04333333,16.8,2.98,md,pr71389978,pr
19.22483253,-155.4154968,33.06999969,2.53999996,md,hv73288762,hv
37.1379,-1.8845,9.693,4.2,mb,us7000j178,us
67.1636,-169.5751,20.4,2.5,ml,ak022grrcvb0,ak
35.7735,-121.4815,3.18,2.66,md,nc73827091,nc
54.8937,-160.2952,39.134,4.6,mwr,us7000j16q,us
-23.1036,-68.8969,96.224,5.1,mww,us7000j15y,us
19.1089,146.1845,89.055,4,mb,us7000j3ve,us
19.19350052,-155.4875031,31.84000015,3.04,ml,hv73288327,hv
29.2989,130.4746,35.861,4.5,mb,us7000j15x,us
51.9258,-176.0087,233.3,2.9,ml,ak022groouvx,ak
53.8047,-176.6932,10,3,ml,us7000j52z,us
54.2626,-164.5288,14.698,3.1,ml,us7000j1bm,us
-52.7278,27.7365,10,4.9,mww,us7000j15u,us
53.9943,-164.9753,63.188,2.5,ml,us7000j52y,us
51.6229,178.665,71.451,3,ml,us7000j532,us
-1.7451,-77.7617,182.543,4.3,mb,us7000j15l,us
61.8745,-150.477,62.4,2.6,ml,ak022grndmj9,ak
62.1608,-141.2766,1.3,2.5,ml,ak022grnd7v2,ak
-26.5056,-114.8537,10,4.6,mb,us7000j3vc,us
59.8194,-162.5468,8.7,2.9,ml,ak022grnaflg,ak
18.61833333,-66.81016667,71.25,2.77,md,pr71389948,pr
34.5971,24.9455,10,4.1,mb,us7000j15e,us
-6.1042,146.2693,35,4.3,mb,us7000j3pf,us
-33.7403,57.5622,10,4.4,mb,us7000j3pe,us
-0.1974,97.3179,10,4.4,mb,us7000j15a,us
18.07316667,-67.09833333,18.39,3.03,md,pr71389923,pr
-52.9992,28.4258,10,4.5,mb,us7000j3pd,us
52.4365,160.3532,35,4.7,mb,us7000j154,us
-24.0267,-67.1397,232.941,4.5,mb,us7000j152,us
17.93733333,-66.86866667,17.04,2.9,md,pr71389918,pr
42.06666667,-120.4306667,2.82,2.48,ml,uw61900991,uw
55.4322,-158.3426,16.4,2.6,ml,ak022gqcghcw,ak
-11.3136,166.5204,129.931,4.9,mb,us7000j14t,us
-14.9903,-75.7546,11.94,5.2,mww,us7000j14p,us
54.5228,-160.8553,35,2.8,ml,us7000j50p,us
17.96183333,-66.89883333,8.96,2.7,md,pr71389888,pr
1.079,97.0653,27.348,4.2,mb,us7000j3pg,us
51.6138,178.7595,74.791,3.1,ml,us7000j50n,us
-52.6851,27.8042,10,5.2,mww,us7000j14a,us
67.1276,-170.0193,33.2,2.8,ml,ak022gqbnrvp,ak
18.7532,145.283,248.806,4,mb,us7000j3pc,us
53.4573,-163.5384,35,2.7,ml,us7000j50k,us
51.4896,178.6419,67.383,3,ml,us7000j50t,us
18.6438,-67.0435,108,4.18,md,pr2022364001,pr
19.20366669,-155.4111633,32.40999985,3.11,ml,hv73287947,hv
51.6551,178.707,70.327,2.9,ml,us7000j50s,us
-5.0236,-77.3878,123.83,4.3,mb,us7000j3pb,us
17.95033333,-66.96333333,10.34,2.65,md,pr71389828,pr
51.7574,178.6153,99.462,3.1,ml,us7000j50q,us
53.979,-164.8748,66.251,2.6,ml,us7000j50i,us
26.9033,141.4839,12.646,4.4,mb,us7000j3p9,us
18.2323,-103.3504,32.476,4.7,mb,us7000j12p,us
-23.1339,-175.2723,10,4.8,mb,us7000j12q,us
51.7218,-176.8699,75.081,3.7,ml,us7000j5b0,us
36.1139,139.8576,56.826,4.4,mb,us7000j12e,us
-26.0535,-179.7577,465.778,4.3,mb,us7000j3p6,us
51.7163,-177.3654,77.811,2.6,ml,us7000j5az,us
52.8194,-170.8001,87.335,2.9,ml,us7000j5b7,us
19.24166679,-155.3861694,28.53000069,2.54999995,md,hv73287677,hv
61.0056,-150.0933,36.6,2.8,ml,ak022gq6vn4p,ak
-7.9548,128.8795,35,5,mb,us7000j11x,us
22.1303,143.5299,139.615,4.2,mb,us7000j3p2,us
0.9992,124.4147,215.053,4,mb,us7000j3p1,us
29.2691,130.3861,38.774,4,mb,us7000j3p0,us
53.4129,-165.118,35,2.5,ml,us7000j5ay,us
18.85083333,-65.03066667,13.18,3.07,md,pr71389718,pr
-21.8971,-174.7611,22.64,5.4,mww,us7000j11e,us
21.917,94.4673,99.728,4.2,mb,us7000j118,us
55.097,-157.6129,25.8,2.6,ml,ak022gq4frme,ak
55.8552,-159.2696,71.4,2.5,ml,ak022gq4e45y,ak
51.4146,-176.0902,35,3.7,ml,us7000j5kq,us
-0.1964,97.2636,16.955,4.6,mb,us7000j10t,us
50.5818,153.4522,220.634,4.1,mb,us7000j3ny,us
53.9955,-164.2715,35,2.5,ml,us7000j5kp,us
-34.0651,77.7691,10,4.8,mb,us7000j3nw,us
0.8108,99.7314,152.994,4.2,mb,us7000j3nv,us
-45.8405,-76.402,12.929,5.3,mww,us7000j10i,us
60.6937,-43.9886,10,4.6,mb,us7000j103,us
-7.0561,102.806,10,5,mb,us7000j0zy,us
-0.2207,97.3016,10,5,mb,us7000j0zu,us
3.7982,97.7095,56.501,4.6,mb,us7000j3ns,us
17.94183333,-66.9585,9.77,2.47,md,pr71389673,pr
-27.6295,-70.1708,91.899,4.5,mwr,us7000j0zf,us
36.6977,71.4086,181.299,4.2,mb,us7000j0ze,us
18.8496,-64.6375,11,3.77,md,pr2022364000,pr
63.9644,-147.4612,10.5,3,ml,ak022gpzq0by,ak
-56.8827,-24.7879,10,4.2,mb,us7000j3mg,us
-0.2127,97.3082,10,5.3,mb,us7000j0y6,us
37.6516667,-119.3848333,7.88,2.61,md,nc73826571,nc
14.6756,144.3595,10.981,4.3,mb,us7000j3ma,us
62.0817,-149.4858,43.8,2.5,ml,ak022gopeq4s,ak
-57.6536,-27.3016,10,4.2,mb,us7000j3mf,us
18.4691,-68.729,121,4.11,md,pr2022363000,pr
18.01566667,-65.38683333,18.66,2.51,md,pr71389593,pr
36.3156,22.1126,10,4.1,mwr,us7000j0x4,us
54.8878,-164.7573,135.427,2.6,ml,us7000j4zl,us
50.0676,-179.3937,10,3.9,mb,us7000j0zm,us
17.98016667,-66.94483333,9.73,2.82,md,pr71389588,pr
-30.7743,-69.0394,118.128,4.4,mb,us7000j0vu,us
-30.3962,-177.5678,24.228,4.4,mb,us7000j3m8,us
40.5995,-124.0883333,17.5,2.54,md,nc73826471,nc
2.0797,127.1383,104.677,4.9,mb,us7000j0va,us
-18.8754,169.2904,245.491,4.6,mb,us7000j0v9,us
53.2558,-164.1594,35,2.6,ml,us7000j4zk,us
36.2561667,-119.7006667,23.43,2.47,md,nc73826451,nc
59.6021,-152.3368,57.8,2.5,ml,ak022golmco8,ak
19.25,-155.3925,32.59,2.55,ml,hv73286577,hv
6.2459,126.3208,126.906,4.6,mb,us7000j3m5,us
39.4033,15.2604,16.056,4.5,mb,us7000j0up,us
53.9026,-161.2893,10,3,ml,us7000j4b5,us
-3.0421,127.7816,45.282,4.4,mb,us7000j0ub,us
6.2316,126.1831,140.887,5.2,mww,us7000j0u9,us
39.4135,15.1807,10,4.2,mb,us7000j0tz,us
18.57616667,-65.66083333,35.36,2.81,md,pr71389558,pr
11.6895,140.9697,10,4.6,mb,us7000j0tq,us
31.60763256,-104.5322869,8.033959961,2.8,ml,tx2022zmfs,tx
-19.2254,-177.3468,572.65,4.3,mb,us7000j3m3,us
19.32883333,-155.1336667,2.67,2.83,ml,hv73286307,hv
19.329,-155.1281667,5.82,2.54,ml,hv73286302,hv
-7.1715,122.4614,10.067,4.5,mb,us7000j0sv,us
30.5427,-42.1938,10,4.4,mb,us7000j3m0,us
20.4783,144.4787,10.599,4.2,mb,us7000j3lz,us
51.5135,-178.1443,31.847,2.7,ml,us7000j3si,us
-23.4737,-176.8245,95.838,5,mb,us7000j0sk,us
62.9812,-150.8103,105,2.5,ml,ak022gofntpx,ak
17.98133333,-66.85466667,13.11,2.55,md,pr71389533,pr
14.022,145.5894,65.332,3.9,mb,us7000j3lu,us
55.3979,-156.5694,20,2.7,ml,ak022goelalb,ak
18.8464,-74.1911,10,4.3,mb,us7000j0s0,us
-19.0252,169.4274,238.171,4.5,mb,us7000j3lr,us
52.3007,-173.3426,89.291,3.6,ml,us7000j3sf,us
18.20766667,-67.1275,24.15,2.92,md,pr71389513,pr
60.3744,-140.4267,10,2.5,ml,us7000j0rq,us
13.2126,143.917,94.18,4.2,mb,us7000j3lq,us
-28.3068,-177.2377,66.217,4.3,mb,us7000j3ln,us
29.2893,130.4675,35,4.4,mb,us7000j3lp,us
29.216,130.5579,35,4.5,mb,us7000j3lm,us
-18.7419,-177.5917,622.502,4.6,mb,us7000j0r7,us
29.208,130.6175,30.539,5.1,mb,us7000j0r5,us
58.1557,-152.4644,42,2.9,ml,ak022goc85we,ak
35.0836,14.2162,10,4.4,mb,us7000j0r2,us
40.5875,-124.0901667,22.1,2.97,md,nc73826156,nc
-30.2668,-179.8306,407.538,4.1,mb,us7000j3fz,us
50.5896,-173.54,10,2.8,ml,us7000j4hb,us
31.01901666,-103.2715638,4.023510742,2.6,ml,tx2022zlii,tx
36.5728,70.9592,202.082,4,mb,us7000j0q7,us
44.1862,140.7171,10.105,4.3,mb,us7000j0q5,us
52.1401,-175.7206,147.37,3.1,ml,us7000j4h5,us